all_links,img_list,head_list,tag_list
http://bugs.kr/!yt0132,https://img.youtube.com/vi/pBk-LDb8Sig/maxresdefault.jpg,[Playlist] âœ¨ ìœ íŠœë¸Œ íŠ¸ë Œë”© Top15 : 2020ë…„ 6ì›” âœ¨ã…£YouTube Trending Top 15 : June 2020,#íŒì†¡ #í”Œë ˆì´ë¦¬ìŠ¤íŠ¸ #ìœ íŠœë¸Œ
http://bugs.kr/!yt0127,https://img.youtube.com/vi/oDisFKQ27yI/maxresdefault.jpg,[Playlist] Hipí•˜ê³  Chillí•œ ë¶„ìœ„ê¸°ë¥¼ ë§Œë“¤ì–´ì¤„ Listã…£Hip & Chill,#íŒì†¡ #í”Œë ˆì´ë¦¬ìŠ¤íŠ¸ #Chillin
http://bugs.kr/!yt0090,https://img.youtube.com/vi/0p4GD7KecyI/maxresdefault.jpg,[Playlist] ë¶„ìœ„ê¸°ì— ì·¨í•  ì„¸ë ¨ëœ ë„ì‹œê°ì„±ã…£Best Popular Songs Of 2020,#íŒì†¡ #í”Œë ˆì´ë¦¬ìŠ¤íŠ¸ #ìŒì•…
http://bugs.kr/!yt56551,https://img.youtube.com/vi/-lXxbJTsxVQ/maxresdefault.jpg,[Playlist] á„‰á…©á†«á„á…³á‡€á„‹á…³á„…á…© á„‚á…³á„á…§á„Œá…µá„‚á…³á†« á„‚á…¡á„…á…³á†«á„’á…¡á†« á„‹á…©á„’á…® | afternoon cozy pop,#íŒì†¡ #í”Œë ˆì´ë¦¬ìŠ¤íŠ¸ #ê°€ì„
http://bugs.kr/!yt0063,https://img.youtube.com/vi/6-LSMpXbGv0/maxresdefault.jpg,[Playlist] ê¸ì • ì—ë„ˆì§€ë¥¼ ì±„ì›Œì¤„ Refresh Groove!ã…£ìƒˆë¡œìš´ ì‹œì‘ì— ì–´ìš¸ë¦¬ëŠ” í¥ê²¨ìš´ ì•Œì•¤ë¹„ íŒã…£hello! refresh daily pop,#íŒì†¡ #í”Œë ˆì´ë¦¬ìŠ¤íŠ¸ #ê¸°ë¶„ì „í™˜
http://bugs.kr/!yt53287,https://img.youtube.com/vi/6V24AkoOEZE/maxresdefault.jpg,[Playlist] í˜•ë‹˜ ì € ë…€ì„ ì‹œì›í•˜ê²Œ í•´ì¤„ê¹Œìš” | ë¬´ë”ìš´ ì—¬ë¦„ì„ ë…¹ì´ëŠ” ìºì¹˜í•œ ë©œë¡œë””ğŸ•¶ | summer trendy pop mix,#íŒì†¡ #í”Œë ˆì´ë¦¬ìŠ¤íŠ¸ #ê¸°ë¶„ì „í™˜
http://bugs.kr/!yt0114,https://img.youtube.com/vi/WP9fMyb7WhU/maxresdefault.jpg,[Playlist] ë‹¬ì§ì§€ê·¼ ê¸°ë¶„ ì¢‹ì•„ì§€ëŠ” Daily Pop 4ã…£songs for a sweet and pleasant day,#íŒì†¡ #í”Œë ˆì´ë¦¬ìŠ¤íŠ¸ #ê¸°ë¶„ì „í™˜
http://bugs.kr/!yt0116,https://img.youtube.com/vi/HnNFgsDZdgc/maxresdefault.jpg,[Playlist] ì˜·ì¥ ì •ë¦¬ ì‹¹ í•˜ë©´ì„œ ë“£ëŠ” ìƒì¾Œí•œ ë³´ì‚¬ë…¸ë°” ğŸã…£Refreshing bossa nova,#ë³´ì‚¬ë…¸ë°” #íŒì†¡ #í”Œë ˆì´ë¦¬ìŠ¤íŠ¸
http://bugs.kr/!yt0167,https://img.youtube.com/vi/fJnOuwUqXDQ/maxresdefault.jpg,"[Playlist] ë‹¤ì‹œ ìƒˆë²½, ë‚˜ë¥¸í•œ ê·¸ ë¶„ìœ„ê¸°ì— ì·¨í•´ ğŸ·ã…£Late night chillin ğŸ·",#íŒì†¡ #í”Œë ˆì´ë¦¬ìŠ¤íŠ¸ #ìŒì•…
http://bugs.kr/!yt0012,https://img.youtube.com/vi/mbjT6LJ-ZnI/maxresdefault.jpg,[Playlist] ë…¸ì„ì§€ëŠ” ì¹´í˜ ê°ì„±! ì°¨ë¶„í•˜ê³  ê°ê°ì ì¸ ë¡œíŒŒì´ã…£Lofi & Jazzhop,#Jazzhop #ë¡œíŒŒì´ #Lofi
http://bugs.kr/!volkswagen,https://img.youtube.com/vi/CR3qPPQZbm4/maxresdefault.jpg,"[Playlist] ì´ ìˆœê°„, ì´ ê³µê¸°, ì´ ì†ë„ ê·¸ëŒ€ë¡œ | ëª¨ë“  ìˆœê°„ì´ ì˜í™”ê°€ ë˜ëŠ” ë“œë¼ì´ë¸Œ í”Œë ˆì´ë¦¬ìŠ¤íŠ¸ with í­ìŠ¤ë°”ê² | trendy drive pop",#ID4 #íŒì†¡ #í”Œë ˆì´ë¦¬ìŠ¤íŠ¸
http://bugs.kr/!yt0218,https://img.youtube.com/vi/TfSqGfVqooc/maxresdefault.jpg,[Playlist] í•´ë°©ì´Œ ë°”ì´ë‹í ë°”ì´ë¸Œ ğŸ»ã…£ë ˆíŠ¸ë¡œ + íŠ¸ë Œë”” = 21ì„¸ê¸° ë‰´ ì­ ìŠ¤ìœ™!ã…£trendy retro music in vinyl pub,#íŒì†¡ #í”Œë ˆì´ë¦¬ìŠ¤íŠ¸ #ìŒì•…
http://bugs.kr/!yt0204,https://img.youtube.com/vi/WwKOY8IOsNU/maxresdefault.jpg,[Playlist] ë‹¤ ë¶€ì§ˆì—†ë‹¤~ ê·¸ëƒ¥ ë…¸ë˜ë‚˜ ë“¤ì„ë˜ã…£ì„¸ìƒë§Œì‚¬ ë‹¤ ê·€ì°®ì„ ë•Œ ë“£ëŠ” ë°ì¼ë¦¬íŒ!ã…£what I like best is just lazing around at home ğŸ¤ª,#íŒì†¡ #í”Œë ˆì´ë¦¬ìŠ¤íŠ¸ #ë°ì¼ë¦¬íŒ
http://bugs.kr/!yt0174,https://img.youtube.com/vi/qKQNQ2k-qOE/maxresdefault.jpg,"[Playlist] ë¶„ìœ„ê¸°ìˆëŠ” ì¹´í˜ì— ê³ ê¸‰ì§„ ì†Œìš¸&ì¬ì¦ˆíŒ l Best Cafe Music, Soul & Jazz Pop!",#íŒì†¡ #í”Œë ˆì´ë¦¬ìŠ¤íŠ¸ #ì¹´í˜
http://bugs.kr/!yt65233,https://img.youtube.com/vi/mrPw3D9Vjf0/maxresdefault.jpg,"[Playlist] ì´ˆë¡ì´ ì§™ì–´ì§€ëŠ” ê³„ì ˆ, ë„ˆì™€ í•¨ê»˜ | ì‚°ëœ»í•˜ê³  ë¶€ë“œëŸ¬ìš´ ì¼ìƒ BGM with Crush | afternoon cafe vibe",#í”Œë ˆì´ë¦¬ìŠ¤íŠ¸ #ì¹´í˜ #ë´„
http://bugs.kr/!yt56454,https://img.youtube.com/vi/Px3gxOBpWRI/maxresdefault.jpg,[Playlist] ì¡°ìš©íˆ ë¬´ë„ˆì ¸ ë‚´ë¦° ë‚  | sad songs to cry to at 3am,#íŒì†¡ #í”Œë ˆì´ë¦¬ìŠ¤íŠ¸ #sadsong
http://bugs.kr/!yt0211,https://img.youtube.com/vi/cVA35NIsXVc/maxresdefault.jpg,[Playlist] ì¼ìƒì˜ ì†Œì†Œí•œ í–‰ë³µì„ ì°¾ì•„ì„œã…£íŒŒë¦¬ì˜ ì–´ëŠ ë¹ˆí‹°ì§€ ê°€ê²Œì—ì„œ ìš°ë¦¬ëŠ”ã…£sitting at a vintage cafe terrace in paris â˜•,#í”Œë ˆì´ë¦¬ìŠ¤íŠ¸ #ë¹ˆí‹°ì§€ #íŒŒë¦¬
http://bugs.kr/!yt0049,https://img.youtube.com/vi/LnyR6tfwyHQ/maxresdefault.jpg,"[Playlist] ë‚˜ë¥¸í•œ ì˜¤ëŠ˜, í–‰ë³µí•œ ë°©í™©ã…£ì‚¬ìš´ë“œí´ë¼ìš°ë“œ ê°ì„±ì˜ í™í•œ ì¸ë””íŒ í”Œë ˆì´ë¦¬ìŠ¤íŠ¸ã…£Best Indie Pop of 2019",#íŒì†¡ #í”Œë ˆì´ë¦¬ìŠ¤íŠ¸ #ìŒì•…
http://bugs.kr/!yt0024,https://img.youtube.com/vi/VVAqhZalFqI/maxresdefault.jpg,"[Playlist] ì•½ì†í•´ìš”,, ì´ê±° ë“£ê³  ìš´ì „í•˜ì§€ë§ê¸°ë¡œ.. ë¶„ìœ„ê¸°ì— ì·¨í•˜ë‹ˆê¹ã…£ê·¸ë£¨ë¸Œí•œ ë¼ìš´ì§€ ìŠ¤íƒ€ì¼ í”Œë ˆì´ë¦¬ìŠ¤íŠ¸ã…£on this special night, with you",#íŒì†¡ #í”Œë ˆì´ë¦¬ìŠ¤íŠ¸ #ìŒì•…
http://bugs.kr/!yt0139,https://img.youtube.com/vi/cGhGtKnKZbY/maxresdefault.jpg,"[Playlist] ì„¸ë ¨ëœ ì¹´í˜ ì•ˆ, ë‚˜ ê·¸ë¦¬ê³  ì»¤í”¼ & ìŒì•… â˜•ğŸ®ã…£Coffee & Music",#íŒì†¡ #í”Œë ˆì´ë¦¬ìŠ¤íŠ¸ #ì¹´í˜
http://bugs.kr/!yt57613,https://img.youtube.com/vi/YGX-Y4XngXc/maxresdefault.jpg,[Playlist] ì†ŒíŒŒì™€ í•œ ëª¸ì´ ë˜ê³  ì‹¶ì€ ë‚  | í¸ì•ˆí•˜ê²Œ ë“£ê¸° ì¢‹ì€ ì¼ìƒ BGM | cozy day at home ğŸŒ¿,#íŒì†¡ #í”Œë ˆì´ë¦¬ìŠ¤íŠ¸ #í™ˆì¹´í˜
http://bugs.kr/!yt55696,https://img.youtube.com/vi/HjAviB1BKH4/maxresdefault.jpg,[Playlist] ê¸°ë¶„ ì¢‹ì€ ì¼ë§Œ ê°€ë“í•  ê±°ì•¼ | ì„ ê³¡ì´ ì¢‹ì€ ì¹´í˜ì—ì„œ ë“£ëŠ” ë°ì¼ë¦¬ íŒ | have a good day! winter daily pop,#íŒì†¡ #í”Œë ˆì´ë¦¬ìŠ¤íŠ¸ #ê¸°ë¶„ì „í™˜
http://bugs.kr/!yt0195,https://img.youtube.com/vi/VSs85GBZv1U/maxresdefault.jpg,"[Playlist] ë“œë””ì–´ ë! ì‹­ë…„ ë¬µì€ ì²´ì¦ì´ ë‚´ë ¤ê°€ëŠ”ã…£í•´ë°©ê° UP ììœ  ë§Œë½ BGMã…£finally, we made it!! ğŸ™Œ",#ì¡¸ì—… #íŒì†¡ #í”Œë ˆì´ë¦¬ìŠ¤íŠ¸
http://bugs.kr/!yt0014,https://img.youtube.com/vi/WR-4E2r5rh4/maxresdefault.jpg,"[Playlist] ë³´ëë¹› í•˜ëŠ˜ ì•„ë˜ì„œ, Sunset Driveã…£ê°€ì„ ë°”ëŒì„ ë‹®ì€ ì„ ì„ í•œ íŒì†¡ ëª¨ìŒ",#ì‹ ë‚˜ëŠ” #íŒì†¡ì¶”ì²œ #í”Œë ˆì´ë¦¬ìŠ¤íŠ¸
http://bugs.kr/!yt0173,https://img.youtube.com/vi/aN8Q4FAgCFw/maxresdefault.jpg,[Playlist] ì‚°ëœ»í•˜ê²Œ ì¶©ì „í•˜ëŠ” í•˜ë£¨! í™œë ¥ ë¿œë¿œ BGM l Charge Up Your Day! Again!!,#ì‹ ë‚˜ëŠ” #íŒì†¡ #í”Œë ˆì´ë¦¬ìŠ¤íŠ¸
http://bugs.kr/!yt61805,https://img.youtube.com/vi/Ngb-EedcipI/maxresdefault.jpg,[Playlist] ìœ ë‚œíˆ ë‚˜ë¥¸í•œ ê²¨ìš¸ | cozy winter day music,#íŒì†¡ #í”Œë ˆì´ë¦¬ìŠ¤íŠ¸ #ìŒì•…
http://bugs.kr/!yt0166,https://img.youtube.com/vi/SkH7ZZPPYQs/maxresdefault.jpg,"[Playlist] ìš¸ì í•œ í•˜ë£¨, ì‚°ëœ»í•œ íŒì†¡ìœ¼ë¡œ ì‹œì‘í•´ìš”ã…£This Playlist gonna make you feel better",#íŒì†¡ #í”Œë ˆì´ë¦¬ìŠ¤íŠ¸ #ê¸°ë¶„ì „í™˜
http://bugs.kr/!yt54468,https://img.youtube.com/vi/pp2Tb0896-Y/maxresdefault.jpg,[Playlist] ë…¸ì„ ì§€ëŠ” ë¬´ë“œ ì† ìŸì•„ì§€ëŠ” ê·¸ë£¨ë¸Œã…£ë°©ì•ˆì„ ì±„ìš°ëŠ” ë‚˜ë¥¸í•œ melodyã…£sunset & chill groove,#íŒì†¡ #í”Œë ˆì´ë¦¬ìŠ¤íŠ¸ #ë…¸ì„
http://bugs.kr/!yt0073,https://img.youtube.com/vi/-_7oWsIar9o/maxresdefault.jpg,[Playlist] ì†Œë³µì†Œë³µ.. ëˆˆì´ë‚´ë ¤ í–‰ë³µí•œ ê·¸ëŒ€ì—ê²Œã…£ê²¨ìš¸ì´ë¼ ë” ì–´ìš¸ë¦¬ëŠ” ê²ƒë§Œ ê°™ì€ POPã…£Best Popular Songs Of 2020,#íŒì†¡ #í”Œë ˆì´ë¦¬ìŠ¤íŠ¸ #ì¹´í˜
http://bugs.kr/!yt0234,https://img.youtube.com/vi/qaypqpYPJvk/maxresdefault.jpg,"[Playlist] ì ë§‰í•œ ë°¤ ë¹—ì†Œë¦¬ì™€ í•¨ê»˜ã…£ë¹„ ì˜¤ëŠ” ë‚ , ê°ì„±ì— ì –ê³  ì‹¶ë‹¤ë©´ã…£rainy day with relaxing jazz music ğŸ›‹ï¸",#ì¬ì¦ˆ #í”Œë ˆì´ë¦¬ìŠ¤íŠ¸ #ì™€ì¸
http://bugs.kr/!yt0075,https://img.youtube.com/vi/ygtlUylfoy8/maxresdefault.jpg,[Playlist] ì§€ë£¨í•´? ìê·¹ì ì´ì§€ ì•Šì€ ë‹¬ì§ì§€ê·¼ ë°ì¼ë¦¬ íŒ!ã…£ë‹¬ì§ì§€ê·¼ ê¸°ë¶„ ì¢‹ì•„ì§€ëŠ” Daily Pop 2ã…£Songs for a Sweet and Pleasant Day,#íŒì†¡ #í”Œë ˆì´ë¦¬ìŠ¤íŠ¸ #ê¸°ë¶„ì „í™˜
http://bugs.kr/!yt0038,https://img.youtube.com/vi/MDr8fmAkgRE/maxresdefault.jpg,[Playlist] ê¿€ê¿€í•œ í•˜ë£¨ë¥¼ ê¿€ë ì´ëŠ” í•˜ë£¨ë¡œ!ã…£í™ìŠ¤í„°ë“¤ì˜ ëŠë‚ŒìˆëŠ” ê·¸ë£¨ë¸Œ í™í•© í”Œë ˆì´ë¦¬ìŠ¤íŠ¸ã…£best hipster music,#íŒì†¡ #í”Œë ˆì´ë¦¬ìŠ¤íŠ¸ #í™í•©
http://bugs.kr/!yt0223,https://img.youtube.com/vi/7jkK51VMj9Q/maxresdefault.jpg,"[Playlist] í‚í‚, ì–´ë””ì„œ ê½ƒ ëƒ„ìƒˆ ì•ˆë‚˜ìš”? ğŸŒ¸ã…£ë²šê½ƒì´ ë§Œê°œí•œ ë´„! í•‘í¬ë¹› íŒ í”Œë ˆì´ë¦¬ìŠ¤íŠ¸ã…£cherry blossom spring pop ğŸŒ¸",#íŒì†¡ #í”Œë ˆì´ë¦¬ìŠ¤íŠ¸ #ë´„
http://bugs.kr/!yt0020,https://img.youtube.com/vi/JkTM9Q5DfgI/maxresdefault.jpg,[Playlist] ì¹´í˜ì— í‹€ì–´ë†“ê¸° ì¢‹ì€ ë”°ìŠ¤í•œ ì½”ì½”ì•„ Lo-Fi Jazzhopã…£ë”°ìŠ¤í•˜ê³  íŠ¸ë Œë””í•œ ë¡œíŒŒì´ ì¬ì¦ˆí•©ã…£hot chocolate lofi jazzhop,#Jazzhop #íŒì†¡ #ë¡œíŒŒì´
http://bugs.kr/!yt0257,https://img.youtube.com/vi/tqf-JKxzKx0/maxresdefault.jpg,[Playlist] ë…ì„œì˜ ê³„ì ˆ â˜•ã…£í¸ì•ˆí•œ ë¶„ìœ„ê¸°ì˜ íë§ ì¬ì¦ˆ ì—°ì£¼ã…£relaxing autumn jazz instrumental,#ì¬ì¦ˆ #í”Œë ˆì´ë¦¬ìŠ¤íŠ¸ #ê°€ì„
http://bugs.kr/!0221,https://img.youtube.com/vi/1wJRs2icW0A/maxresdefault.jpg,"[Playlist] í™í•© ë„ˆë¬´ ì¢‹êµ¬ìš”, ë¯¸ì¹˜ê² ì–´ìš”ã…£ë‚˜ë„ ëª¨ë¥´ê²Œ ë¹„íŠ¸íƒ€ëŠ” í™í•œ ì™¸í™ ğŸ˜ã…£trendy hip hop of 2021",#íŒì†¡ #í”Œë ˆì´ë¦¬ìŠ¤íŠ¸ #í™í•©
http://bugs.kr/!yt54589,https://img.youtube.com/vi/L3m5ZAOfcp4/maxresdefault.jpg,"[Playlist] ë¶„ìœ„ê¸°ê°€ ë„ˆë¬´ ì¢‹ì€ë°, ì´ ë…¸ë˜ ë­”ê°€ìš”? | í™ˆíŒŒí‹°í•  ë•Œ í‹€ê¸° ì¢‹ì€ í™í•œ íŒì†¡ | hip & groove pop songs",#íŒì†¡ #í”Œë ˆì´ë¦¬ìŠ¤íŠ¸ #ìŒì•…
http://bugs.kr/!yt55570,https://img.youtube.com/vi/8eemrb8qDEk/maxresdefault.jpg,[Playlist] í¬ë¦¬ìŠ¤ë§ˆìŠ¤ì— ëˆˆì´ ì˜¬ê¹Œìš”? â˜ƒï¸ | í™”ì´íŠ¸ í¬ë¦¬ìŠ¤ë§ˆìŠ¤ë¥¼ ê¸°ëŒ€í•˜ë©° ë“£ëŠ” 2022 ìºë¡¤ íŒì†¡ | Merry White Christmas â˜ƒï¸,#í”Œë ˆì´ë¦¬ìŠ¤íŠ¸ #christmas #ìµœì‹ ê³¡
http://bugs.kr/!yt0109,https://img.youtube.com/vi/xGcWEGdUd_I/maxresdefault.jpg,[Playlist] âœ¨ ìœ íŠœë¸Œ íŠ¸ë Œë”© Top15 : 2020ë…„ 5ì›” âœ¨ã…£YouTube Trending Top 15 : May 2020,#íŒì†¡ #í”Œë ˆì´ë¦¬ìŠ¤íŠ¸ #ìœ íŠœë¸Œ
http://bugs.kr/!yt53715,https://img.youtube.com/vi/Esrv9u9BIgY/maxresdefault.jpg,"[Playlist] ì´ì¯¤ì—ì„œ ì¤‘ê°„ ê²°ì‚° ê°€ë³´ìê³ ã…£2022 ìƒë°˜ê¸° ê²°ì‚° íŠ¹ì§‘, ë†“ì³ì„  ì•ˆë  íŒ 50ã…£50 best pop songs in first half of 2022",#íŒì†¡ #í”Œë ˆì´ë¦¬ìŠ¤íŠ¸ #2022
http://bugs.kr/!yt54069,https://img.youtube.com/vi/Dj-de9sLNB0/maxresdefault.jpg,[Playlist] á„‰á…³á†¯á„‰á…³á†¯ á„‡á…©á†·á„‹á…µ á„‹á…©á†¯ á„„á…¢á„€á…¡ á„ƒá…«á†»á„‚á…³á†«á„ƒá…¦? ğŸˆ | ë‹¬ì§ì§€ê·¼ ê¸°ë¶„ ì¢‹ì•„ì§€ëŠ” Daily Pop 16 | sweet spring pop ğŸˆ,#ì´ˆë´„ #íŒì†¡ #í”Œë ˆì´ë¦¬ìŠ¤íŠ¸
http://bugs.kr/!yt0270,https://img.youtube.com/vi/WZ8hkflNGMs/maxresdefault.jpg,[Playlist] ë­? ì§€ë£¨í•œê²Œ ì‹«ë‹¤êµ¬? OK ì ‘ìˆ˜ã…£ë°‹ë°‹í•œ í•˜ë£¨ë¥¼ ë¸”ë§ë¸”ë§í•˜ê²Œ ë§Œë“¤ì–´ ì¤„ í”Œë¦¬ã…£bling bling can't stop moving ğŸ’,#ì‹ ë‚˜ëŠ” #íŒì†¡ #í”Œë ˆì´ë¦¬ìŠ¤íŠ¸
http://bugs.kr/!yt50687,https://img.youtube.com/vi/rgsStSKIbPI/maxresdefault.jpg,[Playlist] í¬ë¦¬ìŠ¤ë§ˆìŠ¤ ì„ ë¬¼ì„ ê³ ë¥´ë©° | ì¥ë‚œê° ê°€ê²Œì—ì„œ í˜ëŸ¬ë‚˜ì˜¤ëŠ” ë¹ˆí‹°ì§€ ìºë¡¤ íŒ | vintage christmas pop songs,#ìºë¡¤ #íŒì†¡ #í”Œë ˆì´ë¦¬ìŠ¤íŠ¸
http://bugs.kr/!yt0036,https://img.youtube.com/vi/pVg-e34qTbQ/maxresdefault.jpg,[Playlist] ì„±ëƒ¥ë¶ˆ ê°™ì€ ì‹œí¬í•¨ã…£ë„ì‹œì˜ ë°¤ì´ ë‹´ê¸´ ìŠ¤íƒ€ì¼ë¦¬ì‹œ ê³¨ëª©ê¸¸ í í”Œë ˆì´ë¦¬ìŠ¤íŠ¸ã…£chic pop songs for a city night,#íŒì†¡ #í”Œë ˆì´ë¦¬ìŠ¤íŠ¸ #ìŒì•…
http://bugs.kr/!yt0003,https://img.youtube.com/vi/Uqbzf4eZK-Y/maxresdefault.jpg,[Playlist] ë¶ˆì´ êº¼ì§„ ë°¤ ë¹„í–‰ê¸° ì•ˆì—ì„œã…£Best Popular Songs Of 2020,#íŒì†¡ #í”Œë ˆì´ë¦¬ìŠ¤íŠ¸ #ë¹„í–‰ê¸°
http://bugs.kr/!yt0222,https://img.youtube.com/vi/_xYRgpByc0c/maxresdefault.jpg,[Playlist] ê¿€ì´ ëš~ëš~ã…£ê³ ë§‰ì„ ë…¹ì´ëŠ” ë‹¬ë‹¬í•œ íŒ í”Œë ˆì´ë¦¬ìŠ¤íŠ¸ã…£sweet spring honey pop ğŸ¯,#íŒì†¡ #í”Œë ˆì´ë¦¬ìŠ¤íŠ¸ #ì¹´í˜
http://bugs.kr/!yt0150,https://img.youtube.com/vi/y4H2kOvTdE4/maxresdefault.jpg,"[Playlist] UNKNOWN, ë‚˜ë§Œ ì•Œê³  ì‹¶ì€ Track vol.5ã…£Trendy songs You've Never Heard",#íŒì†¡ #í”Œë ˆì´ë¦¬ìŠ¤íŠ¸ #ìŒì•…
http://bugs.kr/!ytbugscgv,https://img.youtube.com/vi/-g3kAMoCPks/maxresdefault.jpg,[Playlist] ì¬ì¦ˆê°€ ëŒë¦¬ë©´ ê°€ì„ ğŸ‚ | ê°€ì„ì— ì–´ìš¸ë¦¬ëŠ” ì˜í™” ì† ì¬ì¦ˆ ëª¨ìŒ | jazz music for autumn ğŸ‚,#íŒì†¡ #ì¬ì¦ˆ #í”Œë ˆì´ë¦¬ìŠ¤íŠ¸
http://bugs.kr/!yt24528,https://img.youtube.com/vi/-g3kAMoCPks/maxresdefault.jpg,[Playlist] ì¬ì¦ˆê°€ ëŒë¦¬ë©´ ê°€ì„ ğŸ‚ | ê°€ì„ì— ì–´ìš¸ë¦¬ëŠ” ì˜í™” ì† ì¬ì¦ˆ ëª¨ìŒ | jazz music for autumn ğŸ‚,#íŒì†¡ #ì¬ì¦ˆ #í”Œë ˆì´ë¦¬ìŠ¤íŠ¸
http://bugs.kr/!yt54662,https://img.youtube.com/vi/BZjUcXk0my8/maxresdefault.jpg,"[Playlist] ì–´ëŠ ì†Œí˜¸ì˜ í¸ì§‘ìƒµì—ì„œ í˜ëŸ¬ë‚˜ì˜¤ëŠ” | ì–´ìŠ¤ë¦„í•œ ì €ë…, ê·¸ë£¨ë¹„í•œ BGMê³¼ chillax | soho vibes R&B",#ì•Œì•¤ë¹„ #íŒì†¡ #í”Œë ˆì´ë¦¬ìŠ¤íŠ¸
http://bugs.kr/!yt0148,https://img.youtube.com/vi/3owcmKI642c/maxresdefault.jpg,"[Playlist] ë¬´ê¸°ë ¥í•œ ì•„ì¹¨, ë¦¬ë“¬ íƒ€ë©° ì—¬ë¦„ë‚˜ê¸° ğŸŒ¿ã…£How to Wake Up Without Feeling Sluggish ğŸŒ¿",#íŒì†¡ #í”Œë ˆì´ë¦¬ìŠ¤íŠ¸ #ìŒì•…
http://bugs.kr/!yt0157,https://img.youtube.com/vi/6cpbQIVr68U/maxresdefault.jpg,[Playlist] ì—¬ë¦„ë°¤ ë„ˆì˜ ì°½ê°€ë¡œ ë„ì›Œ ë³´ë‚´ëŠ” ë…¸ë˜ã…£Nostalgic Summer Night,#íŒì†¡ #í”Œë ˆì´ë¦¬ìŠ¤íŠ¸ #ìŒì•…
http://bugs.kr/!yt0209,https://img.youtube.com/vi/8HSVLnYKD_E/maxresdefault.jpg,[Playlist] ì˜¤ëŠ˜ë„ í™”ì´íŒ…!ã…£ê¸°ë¶„ ì¢‹ê²Œ ì‹œì‘í•  ìˆ˜ ìˆëŠ” Fresh Vibe â˜€ï¸ã…£it's gonna be a great day â˜€ï¸,#íŒì†¡ #í”Œë ˆì´ë¦¬ìŠ¤íŠ¸ #ê¸°ë¶„ì „í™˜
http://bugs.kr/!yt0208,https://img.youtube.com/vi/yci95KHiY-U/maxresdefault.jpg,[Playlist] ì‰¿! ì—¬ëŸ¬ë¶„ë§Œ ì•Œë ¤ì¤„ê²Œìš”ğŸ‘€ã…£ë‚˜ë§Œ ì•Œê³  ì‹¶ì€ ê°ì„± ì´‰ì´‰í•œ íŠ¸ë Œë”” POPã…£sentimental trendy pop that only I want to know,#íŒì†¡ #í”Œë ˆì´ë¦¬ìŠ¤íŠ¸ #ìŒì•…
http://bugs.kr/!yt0019,https://img.youtube.com/vi/fq6qxhNK36c/maxresdefault.jpg,[Playlist] ë¯¸êµ­ í‹´ì—ì´ì € ê°ì„±ì˜ ì‹ ë‚˜ëŠ” íŒì†¡ ëª¨ìŒã…£íŠ¸ë Œë””í•˜ê³  ì‹ ë‚˜ëŠ” íŒì†¡ ëª¨ìŒã…£teenage vibe! trendy pop,#íŒì†¡ #í”Œë ˆì´ë¦¬ìŠ¤íŠ¸ #ìŒì•…
http://bugs.kr/!yt64750,https://img.youtube.com/vi/6-blJbIxQgg/maxresdefault.jpg,[Playlist] ì‚°ì±…ì´ ì¢‹ì•„ì§€ëŠ” ê³„ì ˆğŸŒ¿ | ê°€ë³ê²Œ ë“£ê¸° ì¢‹ì€ ë´„ ë…¸ë˜ | spring vibe songsğŸŒ¿,#í”Œë ˆì´ë¦¬ìŠ¤íŠ¸ #ê°€ìš” #ì‚°ì±…
http://bugs.kr/!bugswavve,https://img.youtube.com/vi/6-blJbIxQgg/maxresdefault.jpg,[Playlist] ì‚°ì±…ì´ ì¢‹ì•„ì§€ëŠ” ê³„ì ˆğŸŒ¿ | ê°€ë³ê²Œ ë“£ê¸° ì¢‹ì€ ë´„ ë…¸ë˜ | spring vibe songsğŸŒ¿,#í”Œë ˆì´ë¦¬ìŠ¤íŠ¸ #ê°€ìš” #ì‚°ì±…
http://bugs.kr/!yt0092,https://img.youtube.com/vi/kdWXlqYFrCM/maxresdefault.jpg,[Playlist] ì¹©ê±° ìƒí™œì´ ì¬ë°ŒëŠ” ê±´ ìŒì•… ë•Œë¬¸ì´ì•¼!ã…£Best Popular Songs Of 2020,#íŒì†¡ #í”Œë ˆì´ë¦¬ìŠ¤íŠ¸ #ìŒì•…
http://bugs.kr/!yt48124,https://img.youtube.com/vi/3F46AKJq8ts/maxresdefault.jpg,[Playlist] ì”ì”í•˜ê²Œ ë“¤ë ¤ì˜¤ëŠ” íŒŒë„ì†Œë¦¬ì™€ í•¨ê»˜ ğŸ– | íœ´ì–‘ì§€ì—ì„œ ë“£ëŠ” ë‚˜ë¥¸í•œ melody | chill out seaside music ğŸ–,#íŒì†¡ #í”Œë ˆì´ë¦¬ìŠ¤íŠ¸ #íœ´ì–‘ì§€
http://bugs.kr/!yt0203,https://img.youtube.com/vi/yYlw5prC-D0/maxresdefault.jpg,[Playlist] íŒŒë¦¬ Cafeì— íë¥´ëŠ” ë´„ë‚ ì˜ ì§‘ì‹œì¬ì¦ˆã…£gypsy jazz in french cafe,#ì¬ì¦ˆ #í”Œë ˆì´ë¦¬ìŠ¤íŠ¸ #ì¹´í˜
http://bugs.kr/!yt0137,https://img.youtube.com/vi/64VMRxkl7OU/maxresdefault.jpg,[Playlist] ì—¬ë¦„ì„ ì¤€ë¹„í•˜ëŠ” ìì„¸! íŠ¸ë¡œí”¼ì»¬ ì‚¬ìš´ë“œ TOP 100 ğŸ„ğŸ¾ã…£Ready to Summer! Tropical TOP 100 ğŸ„ğŸ¾,#íŒì†¡ #í”Œë ˆì´ë¦¬ìŠ¤íŠ¸ #ì—¬ë¦„
http://bugs.kr/!yt0251,https://img.youtube.com/vi/jqMfCp0brhQ/maxresdefault.jpg,"[Playlist] ë¹„ ë‚´ë¦¬ë˜ ë¸Œë£¨í´ë¦°ì—ì„œì˜ ê·¸ë‚ , ê¸°ì–µí•˜ì§€?ã…£on a rainy day in brooklyn â˜‚ï¸",#ì•Œì•¤ë¹„ #íŒì†¡ #í”Œë ˆì´ë¦¬ìŠ¤íŠ¸
http://bugs.kr/!yt0226,https://img.youtube.com/vi/o5lbl2nl3IA/maxresdefault.jpg,"[Playlist] ìš°ë¦¬ ì‚¬ë‘ì´ ì˜í™”ë¼ë©´ ì£¼ì œê°€ê°€ ë˜ê² ì§€ã…£like the rain, i have fallen for you â˜‚ï¸",#íŒì†¡ #í”Œë ˆì´ë¦¬ìŠ¤íŠ¸ #ë¹„ì˜¤ëŠ”ë‚ 
http://bugs.kr/!yt0149,https://img.youtube.com/vi/ubW3SmHScgs/maxresdefault.jpg,"[Playlist] íšŒìƒ‰ í•˜ëŠ˜ì— ë‚˜ë¥¸í•´ì§€ëŠ” melody, night 2ã…£grey sky, languid melody",#íŒì†¡ #í”Œë ˆì´ë¦¬ìŠ¤íŠ¸ #ì¥ë§ˆ
http://bugs.kr/!yt0267,https://img.youtube.com/vi/o_PdD6-OhAI/maxresdefault.jpg,[Playlist] ë„˜ì–´ì§€ë©´ ì–´ë•Œ? ë‹¤ì‹œ ì¼ì–´ë‚˜ë©´ ë˜ì§€!ã…£ë‹¹ì‹ ì˜ ì—´ì •ì„ ìœ„í•œ ê°€ìŠ´ ë²…ì°¬ í”Œë ˆì´ë¦¬ìŠ¤íŠ¸ã…£cheers to new beginnings ğŸ¯,#ì‹ ë‚˜ëŠ” #íŒì†¡ #í”Œë ˆì´ë¦¬ìŠ¤íŠ¸
http://bugs.kr/!yt61234,https://img.youtube.com/vi/VNY8RU3YFjM/maxresdefault.jpg,[Playlist] ì¶”ìš´ ê²¨ìš¸ì„ í¬ê·¼í•˜ê²Œ ğŸŒ¨ | ê²¨ìš¸ì— ë“£ê¸° ì¢‹ì€ ë‚¨ì„± ë°œë¼ë“œ | winter korean ballad,#í”Œë ˆì´ë¦¬ìŠ¤íŠ¸ #ë°œë¼ë“œ #ê°€ìš”
http://bugs.kr/!yt0006,https://img.youtube.com/vi/2T_T1oG0Dz8/maxresdefault.jpg,[Playlist] ì„¤ë ˆì´ëŠ” ì—¬ë¦„! ìƒí¼í•˜ê³  ê°ê°ì ì¸ íŒì†¡ ëª¨ìŒ,#í”Œë ˆì´ë¦¬ìŠ¤íŠ¸ #ê¸°ë¶„ì „í™˜ #ì—¬ë¦„
http://bugs.kr/!yt0271,https://img.youtube.com/vi/U-1WmQ_TfIY/maxresdefault.jpg,"[Playlist] ì—„ë§ˆê°€ ì´ë¶ˆ ë°–ìœ¼ë¡œ ë‚˜ê°€ì§€ ë§ë˜ã…£ì¶”ìš´ ê²¨ìš¸, ì¹¨ëŒ€ì—ì„œ ë’¹êµ´ê±°ë¦¬ë©° ë“£ê¸° ì¢‹ì€ R&Bã…£cold night bedroom r&b ğŸ§¶",#ì•Œì•¤ë¹„ #íŒì†¡ #í”Œë ˆì´ë¦¬ìŠ¤íŠ¸
http://bugs.kr/!yt57961,https://img.youtube.com/vi/JApXlFgOM_U/maxresdefault.jpg,[Playlist] á„á…¦á„‹á…µá„‘á…³ á„€á…¡á†·á„‰á…¥á†¼á„‹á…´ á„‡á…µá†«á„á…µá„Œá…µ á„ƒá…³á„…á…¡á„‹á…µá„‡á…³ | vintage mood drive music,#íŒì†¡ #í”Œë ˆì´ë¦¬ìŠ¤íŠ¸ #ë¹ˆí‹°ì§€
http://bugs.kr/!yt0086,https://img.youtube.com/vi/qQt8YpmXnRA/maxresdefault.jpg,[Playlist] íƒ„ì‚° ê°€ë“ ì‹œì›í•œ ì—¬ì„± ë¡¸ì»¤ë“¤ì˜ ìƒ¤ìš°íŒ…! ğŸŒ¹ã…£Best Popular Songs Of 2020,#íŒì†¡ #í”Œë ˆì´ë¦¬ìŠ¤íŠ¸ #ë½
http://bugs.kr/!yt0087,https://img.youtube.com/vi/jC5zi-rrnFg/maxresdefault.jpg,[Playlist] ëˆ„ê°€ ì´ íŒŒí‹° ì£¼ì¸ê³µì´ì•¼? ë°”ë¡œ ë‚˜!ã…£ì£¼ì¸ê³µ íŒŒí‹° ë“±ì¥ì”¬ì— ë„£ê³  ì‹¶ì€ BGMã…£Best Popular Songs Of 2020,#íŒì†¡ #í”Œë ˆì´ë¦¬ìŠ¤íŠ¸ #ìŒì•…
http://bugs.kr/!yt60670,https://img.youtube.com/vi/oP5XYiA5efk/maxresdefault.jpg,[Playlist] ì‚°íƒ€í• ì•„ë²„ì§€ ì˜¬í•´ë„ ì „ ì°©í•˜ê²Œ ì‚´ì•˜ì–´ìš”ğŸ… | 2023 í¬ë¦¬ìŠ¤ë§ˆìŠ¤ íŒì†¡ | new christmas pop songs 2023,#ìºë¡¤ #íŒì†¡ #í”Œë ˆì´ë¦¬ìŠ¤íŠ¸
http://bugs.kr/!yt51585,https://img.youtube.com/vi/l8gUNzdNOaw/maxresdefault.jpg,[Playlist] ë‚˜í™€ë¡œ ë³„ í—¤ëŠ” ë°¤ã…£ì–´ë””ì„ ê°€ ë‹¤ì •í•˜ê²Œ ë“¤ë ¤ì˜¤ëŠ” ê°ì„±íŒã…£sentimental midnight pop â­,#íŒì†¡ #ì”ì”í•œ #í”Œë ˆì´ë¦¬ìŠ¤íŠ¸
http://bugs.kr/!yt0061,https://img.youtube.com/vi/4D2N4vAwuLo/maxresdefault.jpg,[Playlist] ëˆì ì´ê³  ì‹¶ì„ ë•Œã…£ê·¸ë£¨ë¸Œ-ë”¥-ì„¹ì‹œ í”Œë ˆì´ë¦¬ìŠ¤íŠ¸ã…£Best Sexy Songs Of 2020,#íŒì†¡ #í”Œë ˆì´ë¦¬ìŠ¤íŠ¸ #ìŒì•…
http://bugs.kr/!yt0115,https://img.youtube.com/vi/1DUynp9IfV8/maxresdefault.jpg,[Playlist] ê³µí—ˆí•œ ë°¤ì„ ì±„ìš°ëŠ” ì„¸ë ¨ëœ íŒì†¡ ğŸŒ‘ã…£an empty night ğŸŒ‘,#íŒì†¡ #ì‘ì—…ì‹¤ #í”Œë ˆì´ë¦¬ìŠ¤íŠ¸
http://bugs.kr/!yt52415,https://img.youtube.com/vi/ZTaB-1RkQ_w/maxresdefault.jpg,[Playlist] ë‚˜ë¥¸í•˜ê²Œ ë¶ˆì–´ì˜¤ëŠ” ë´„ë°”ëŒì— ğŸŒ»ã…£ë”°ëœ»í•œ ë´„ë‚ ì˜ ì—¬ìœ ë¡œì›€ì„ ë§Œë½í•˜ë©´ì„œã…£sunny spring days pop ğŸŒ»,#íŒì†¡ #í”Œë ˆì´ë¦¬ìŠ¤íŠ¸ #ë´„
http://bugs.kr/!yt0215,https://img.youtube.com/vi/L3fjdmDxnjQ/maxresdefault.jpg,"[Playlist] ì´ ë…¸ë˜ ì‚½ì…í•˜ë©´ ê´‘ê³  ëŒ€ë°•ë‚  ë“¯...ã…£15ì´ˆì˜ ìµœë©´, ë‚´ê°€ ë§Œì•½ ê´‘ê³ ìŒì•… ê°ë…ì´ë¼ë©´?ã…£Best Music for Ads ğŸ’²ğŸ’²",#íŒì†¡ #í”Œë ˆì´ë¦¬ìŠ¤íŠ¸ #ê´‘ê³ 
http://bugs.kr/!yt0178,https://img.youtube.com/vi/PPeDsJW0fMk/maxresdefault.jpg,[Playlist] âœ¨ ìœ íŠœë¸Œ íŠ¸ë Œë”© Top15 : 2020ë…„ 10ì›” âœ¨ã…£YouTube Trending Top 15 : October 2020,#íŒì†¡ #í”Œë ˆì´ë¦¬ìŠ¤íŠ¸ #ìœ íŠœë¸Œ
http://bugs.kr/!yt0081,https://img.youtube.com/vi/xTrSVFucCrw/maxresdefault.jpg,"[Playlist] ë°¤ì„ ë‹¤ë…ì—¬ì¤„, ë‹¤í¬íŒì˜ ìš”ì •ë“¤ ğŸ§šã…£Best Popular Songs Of 2020",#íŒì†¡ #í”Œë ˆì´ë¦¬ìŠ¤íŠ¸ #ìŒì•…
http://bugs.kr/!yt0123,https://img.youtube.com/vi/LfMun-Qq3I4/maxresdefault.jpg,[Playlist] ëŠ¦ì€ ë°¤ ì‚¬ìƒ‰ì— ì ê¸°ë‹¤ lofi sentimentalã…£Contemplation at Late Night,#íŒì†¡ #ë¡œíŒŒì´ #í”Œë ˆì´ë¦¬ìŠ¤íŠ¸
http://bugs.kr/!yt57144,https://img.youtube.com/vi/jakKbiX2L-Q/maxresdefault.jpg,"[Playlist] ë´„ë³•ì´ ë“œëŠ” ì°½ê°€ì— ì•‰ì•„ ğŸ•Š | ë‚˜ë¥¸í•œ ì£¼ë§, ì»¤í”¼ í•œ ì”ê³¼ í•¨ê»˜í•˜ëŠ” íœ´ì‹ | cozy pop with coffee ğŸ•Š",#íŒì†¡ #í”Œë ˆì´ë¦¬ìŠ¤íŠ¸ #ë´„
http://bugs.kr/!yt55917,https://img.youtube.com/vi/tOVopuMfbPU/maxresdefault.jpg,"[Playlist] ë•ë¶„ì— í–‰ë³µí–ˆë‹¤ 2022â€¦ğŸ‘‹ | 2022 í•˜ë°˜ê¸° ê²°ì‚° íŠ¹ì§‘, ë†“ì³ì„  ì•ˆë  íŒ 50ã…£50 best pop songs in second half of 2022",#íŒì†¡ #í”Œë ˆì´ë¦¬ìŠ¤íŠ¸ #2022
http://bugs.kr/!yt55586,https://img.youtube.com/vi/lZi3VXALQzM/maxresdefault.jpg,[Playlist] ë…ê¸° ì¶©ì „ ì™„ë£Œ. | ë‹¤í¬ ì„¹ì‹œì˜ ë¯¸í•™ì„ ë‹´ì€ ë¦¬ë“œë¯¸ì»¬ íŒì†¡ã…£pop songs to boost your confidence,#íŒì†¡ #í”Œë ˆì´ë¦¬ìŠ¤íŠ¸ #ì „íˆ¬ë ¥
http://bugs.kr/!yt0083,https://img.youtube.com/vi/hBnVdGkoySM/maxresdefault.jpg,[Playlist] ë§ˆìŠ¤í¬ ë²—ê²¨ì§ˆ ë»”! ì´íƒœì› ë¼ìš´ì§€ House Mix ğŸ”¥ã…£Best Popular Songs Of 2020,#íŒì†¡ #í”Œë ˆì´ë¦¬ìŠ¤íŠ¸ #í•˜ìš°ìŠ¤
http://bugs.kr/!yt0199,https://img.youtube.com/vi/fMPHJtzuHqk/maxresdefault.jpg,[Playlist] ë²¨ë²³ì²˜ëŸ¼ ë¶€ë“œëŸ½ê³  ë¡œë§¨í‹±í•˜ê²Œã…£ë¶„ìœ„ê¸° ê°€ë“í•œ ê²¨ìš¸ë°¤ì„ ìœ„í•œ í”Œë ˆì´ë¦¬ìŠ¤íŠ¸ ğŸ·ã…£romantic mood in winter night ğŸ·,#íŒì†¡ #í”Œë ˆì´ë¦¬ìŠ¤íŠ¸ #ë°¤
http://bugs.kr/!yt0266,https://img.youtube.com/vi/nZSz5opkSIo/maxresdefault.jpg,[Playlist] ë­”ê°€ ìƒˆë¡œìš´ í¬ë¦¬ìŠ¤ë§ˆìŠ¤ ë…¸ë˜ ì—†ì–´?ã…£20/21 ì‹œì¦Œ í¬ë¦¬ìŠ¤ë§ˆìŠ¤ íŒ ì‹ ê³¡ ì½œë ‰ì…˜ã…£20/21 brand new christmas pop âœ¨,#íŒì†¡ #í”Œë ˆì´ë¦¬ìŠ¤íŠ¸ #ìµœì‹ ê³¡
http://bugs.kr/!yt0098,https://img.youtube.com/vi/-31WdmGQzew/maxresdefault.jpg,[Playlist] ì¹œêµ¬ ì°¨ì—ì„œ í˜ëŸ¬ë‚˜ì˜¤ë©´ ë¬¼ì–´ë³´ê²Œ ë˜ëŠ” íŒã…£hey friend! what's this song?,#íŒì†¡ #í”Œë ˆì´ë¦¬ìŠ¤íŠ¸ #ë“œë¼ì´ë¸Œ
http://bugs.kr/!yt57889,https://img.youtube.com/vi/PgdQoS_n41I/maxresdefault.jpg,[Playlist] á„‚á…®á„€á…¡ á„ƒá…¡á†¯á„ƒá…¡á†¯á„’á…¡á†« á„€á…¦ á„†á…©á†·á„‹á…¦ á„‹á…¡á†« á„Œá…©á‡‚á„ƒá…¡ á„€á…³á„…á…¢? | sweet love songs,
http://bugs.kr/!yt0228,https://img.youtube.com/vi/JDl6L8Kf7Jw/maxresdefault.jpg,[Playlist] ì˜¤ëŠ˜ í•˜ëŠ˜ ë§¤ìš° ë§‘ìŒ â˜€ï¸ | ê¸°ë¶„ ì¢‹ì•„ì§€ëŠ” cheerful ë ˆíŠ¸ë¡œ ê°ì„± popã…£have a lovely sunny day â˜€ï¸,#íŒì†¡ #í”Œë ˆì´ë¦¬ìŠ¤íŠ¸ #ë´„
http://bugs.kr/!yt0076,https://img.youtube.com/vi/gkIxUlJ8bvs/maxresdefault.jpg,"[Playlist] ê²¨ìš¸ê³¼ ë´„ ì‚¬ì´, ê°€ë³ê²Œ ë“£ê¸° ì¢‹ì€ ë‹¬ë‹¬í¬ê·¼ íŒ!ã…£Best Popular Songs Of 2020",#íŒì†¡ #í”Œë ˆì´ë¦¬ìŠ¤íŠ¸ #ì¹´í˜
http://bugs.kr/!yt0066,https://img.youtube.com/vi/EANFSpwSih4/maxresdefault.jpg,[Playlist] chillí•´ì§€ê³  ì‹¶ë‚˜ í˜¹ì‰¬ ğŸ’•ã…£ê³µê°„ì„ ê°€ë“ ì±„ìš°ëŠ” ëŠë‚ŒìˆëŠ” Chill Vibesã…£Best Popular Songs Of 2020,#íŒì†¡ #í”Œë ˆì´ë¦¬ìŠ¤íŠ¸ #chill
http://bugs.kr/!yt53988,https://img.youtube.com/vi/3zZe_Ko4bbk/maxresdefault.jpg,[Playlist] ë„ì…ë¶€ê°€ ìš”ì¦˜ ë‚ ì”¨ì•¼... ë„ˆë¬´ ì¢‹ì•„...ğŸ¤ | ì¸íŠ¸ë¡œë¶€í„° ì‚¬ë¡œì¡íˆëŠ” ê·¸ë£¨ë¸ŒíŒ | autumn groove pop ğŸ¤,#ë„ì…ë¶€ #íŒì†¡ #í”Œë ˆì´ë¦¬ìŠ¤íŠ¸
http://bugs.kr/!yt0247,https://img.youtube.com/vi/hHQoTeJrky0/maxresdefault.jpg,[Playlist] í•œì—¬ë¦„ ë°¤ì˜ ì‹¬ì•¼ ë“œë¼ì´ë¸Œ ğŸŒ ã…£ë³„ë¹› ê°€ë“í•œ ì—´ëŒ€ì•¼ ì† ì¹ ë§ ì•Œì•¤ë¹„ã…£summer night chillin drive ğŸŒ ,#ì•Œì•¤ë¹„ #íŒì†¡ #í”Œë ˆì´ë¦¬ìŠ¤íŠ¸
http://bugs.kr/!yt0096,https://img.youtube.com/vi/_jaKSTijk4U/maxresdefault.jpg,[Playlist] ì ¤ë¼ë˜ì²˜ëŸ¼ ë¶€ë“œëŸ½ê³  ë‹¬ì½¤í•œ ğŸ¦ã…£Soft and Sweet like Gelato ğŸ¦,#íŒì†¡ #í”Œë ˆì´ë¦¬ìŠ¤íŠ¸ #ìŒì•…
http://bugs.kr/!yt0233,https://img.youtube.com/vi/BpZ5Q767iQs/maxresdefault.jpg,[Playlist] ë‚ ë„ ì¢‹ì€ë° ìŠ¬ìŠ¬ ë‹¬ë ¤ë³¼ê¹Œ?ã…£ìœ ì‚°ì†Œ ìš´ë™í•  ë•Œ ë“£ê¸° ì¢‹ì€ íŠ¸ë Œë”” ì¼ë ‰íŒ ğŸ½ã…£2021 running & workout mix,#íŒì†¡ #í”Œë ˆì´ë¦¬ìŠ¤íŠ¸ #ìš´ë™
http://bugs.kr/!yt0262,https://img.youtube.com/vi/iGQdfTXi-Ug/maxresdefault.jpg,[Playlist] ë„ë„› ì‚¬ëŸ¬ ê°”ë‹¤ê°€ ë…¸ë˜ì— ì¹˜ì„...ã…£ë„ë„›ìƒµì—ì„œ í˜ëŸ¬ë‚˜ì˜¤ëŠ” í‚¤ì¹˜í•œ ë©œë¡œë””ã…£doughnut shop playlist ğŸ©,#íŒì†¡ #ë„ë„› #í”Œë ˆì´ë¦¬ìŠ¤íŠ¸
http://bugs.kr/!yt0129,https://img.youtube.com/vi/05ebd8MwcA8/maxresdefault.jpg,"[Playlist] ğŸ”¥ ë‚˜ì´í‚¤ ëª¨ë“œ! ì‹¬ì¥ì— ë°”ë¡œ ê½‚ëŠ” ë¶€ìŠ¤í„° íŒí”„ ğŸ”¥ ã…£Nike Vibe, Booster Beat",#íŒì†¡ #í”Œë ˆì´ë¦¬ìŠ¤íŠ¸ #ë¶€ìŠ¤í„°
http://bugs.kr/!yt0135,https://img.youtube.com/vi/3-snSrBPfkQ/maxresdefault.jpg,[Playlist] ë¶€ë“œëŸ½ê³  ë“£ê¸°ì¢‹ì€ ì¸ë””íŒ ëª¨ìŒì§‘ã…£soft summer indie pop,#íŒì†¡ #í”Œë ˆì´ë¦¬ìŠ¤íŠ¸ #ìŒì•…
http://bugs.kr/!yt54230,https://img.youtube.com/vi/ueksOltZqH0/maxresdefault.jpg,[Playlist] ì´ ì—¬ë¦„ë„ ê³§ ê·¸ë¦¬ì›Œì§ˆ ê±°ì•¼ | ë°© ì•ˆì„ chill í•˜ê²Œ ë§Œë“¤ ê°ì„± BGM | sentimental chill music,#íŒì†¡ #í”Œë ˆì´ë¦¬ìŠ¤íŠ¸ #ì—¬ë¦„
http://bugs.kr/!yt57368,https://img.youtube.com/vi/A_j_L8AdVLE/maxresdefault.jpg,[Playlist] ëŠë‚Œìˆê²Œ ë¦¬ë“¬ íƒ€ê³  ì‹¶ì„ ë•Œ | ê¸°ë¶„ì´ ì¢‹ì•„ì§€ëŠ” ë¦¬ë“œë¯¸ì»¬í•œ ë°ì¼ë¦¬ íŒ | rhythm & groove daily pop,#íŒì†¡ #í”Œë ˆì´ë¦¬ìŠ¤íŠ¸ #ê¸°ë¶„ì „í™˜
http://bugs.kr/!yt50140,https://img.youtube.com/vi/eaqVX9IMACQ/maxresdefault.jpg,[Playlist] ì˜¤ëŠ˜ì€ ì™ ì§€ ì˜ˆê°ì´ ì¢‹ì•„ ğŸ§ƒã…£ê¸°ë¶„ UP! í•˜ë£¨ë¥¼ ì—´ì–´ì£¼ëŠ” Daily Popã…£happy day good morning ğŸ§ƒ,#íŒì†¡ #í”Œë ˆì´ë¦¬ìŠ¤íŠ¸ #ê¸°ë¶„ì „í™˜
http://bugs.kr/!yt53158,https://img.youtube.com/vi/7KOq1ZUNfGc/maxresdefault.jpg,[Playlist] á„ƒá…¡á†¼á„Œá…¡á†¼ á„‰á…¡á†«á„á…¢á†¨ á„‚á…¡á„€á…¡á„€á…© á„‰á…µá‡á„‹á…¥á„Œá…µá†¯á„€á…¥á†¯? | ë´„ì— ê°€ë³ê²Œ ë“£ê¸° ì¢‹ì€ ì‚°ëœ»í•œ íŒì†¡ | songs for sunny day ğŸ’•,#íŒì†¡ #í”Œë ˆì´ë¦¬ìŠ¤íŠ¸ #ì‚°ì±…
http://bugs.kr/!yt0261,https://img.youtube.com/vi/tLvJ7EEDErE/maxresdefault.jpg,[Playlist] ê¿ˆê³¼ ë§ˆë²•ì˜ ë‚˜ë¼ë¡œ! ë†€ì´ê³µì›ì—ì„œ ë§ì´í•˜ëŠ” í¬ë¦¬ìŠ¤ë§ˆìŠ¤ ğŸ„ã…£theme park christmas music âœ¨,#í”Œë ˆì´ë¦¬ìŠ¤íŠ¸ #ë†€ì´ê³µì› #ë™í™”
http://bugs.kr/!yt0046,https://img.youtube.com/vi/FnMW3SMdX_Y/maxresdefault.jpg,[Playlist] ê¸°ë¶„ì¢‹ì€ í•œ ì£¼ì˜ ì‹œì‘!ã…£ì‚°ëœ»í•˜ê³  ë¦¬ë“¬ê° ì¢‹ì€ íŠ¸ë Œë”” íŒ í”Œë ˆì´ë¦¬ìŠ¤íŠ¸ã…£Best Popular Songs Of 2019,#íŒì†¡ #í”Œë ˆì´ë¦¬ìŠ¤íŠ¸ #ìŒì•…
http://bugs.kr/!yt0144,https://img.youtube.com/vi/j-WzsS4xLQk/maxresdefault.jpg,[Playlist] S2 Love Preaching Passionfruit S2 ğŸ’•ã…£ì–´ëŠ ì—¬ë¦„ë‚ ì˜ ì„¸ë ˆë‚˜ë° ğŸ’•,#íŒì†¡ #í”Œë ˆì´ë¦¬ìŠ¤íŠ¸ #ë…¸ì„
http://bugs.kr/!yt0106,https://img.youtube.com/vi/NqmY7gveaUY/maxresdefault.jpg,"[Playlist] í™í•œ í•˜ë£¨ë¥¼ ìœ„í•œ, ìƒì¾Œí•˜ê³  íŠ¸ë Œë””í•œ íŒ!ã…£Fresh & Trendy pop for a nice day!",#íŒì†¡ #í”Œë ˆì´ë¦¬ìŠ¤íŠ¸ #ê¸°ë¶„ì „í™˜
http://bugs.kr/!yt0064,https://img.youtube.com/vi/9QxLDCZMFK0/maxresdefault.jpg,[Playlist] ê·¸ëŒ€ì˜ ìƒˆë²½ì€ ì–´ë–¤ ìƒ‰ì¸ê°€ìš”?ã…£ì„¼ì¹˜í•œ ë¶„ìœ„ê¸°ì˜ ë©œë‘ì½œë¦¬ í”Œë ˆì´ë¦¬ìŠ¤íŠ¸ã…£Best Popular Songs Of 2020,#íŒì†¡ #í”Œë ˆì´ë¦¬ìŠ¤íŠ¸ #ìƒˆë²½ê°ì„±
http://bugs.kr/!yt0154,https://img.youtube.com/vi/m7V8edoxOU8/maxresdefault.jpg,[Playlist] ë¶ˆê¸ˆí†  ë‹¬ë¦´ ì¤€ë¹„ì™„ë£Œ! ë¬µì§í•œ Trap Soundã…£Heavy Trap Sound,#íŠ¸ë© #íŒì†¡ #í”Œë ˆì´ë¦¬ìŠ¤íŠ¸
http://bugs.kr/!yt57196,https://img.youtube.com/vi/WE75xP-ix7s/maxresdefault.jpg,"[Playlist] ë…¸ì„ ì§„ ì €ë…, í˜¼ìë§Œì˜ ì‹œê°„ğŸŒ‡ | ë´„ë°¤ì— ë“£ëŠ” ê·¸ë£¨ë¸Œí•œ BGM | Soulful & RnB",#ì•Œì•¤ë¹„ #íŒì†¡ #í”Œë ˆì´ë¦¬ìŠ¤íŠ¸
http://bugs.kr/!yt0018,https://img.youtube.com/vi/yni45ID2qCc/maxresdefault.jpg,[Playlist] í™í•˜ê²Œ ì‹œì‘í•˜ëŠ” í•˜ë£¨! ìƒì¾Œí•˜ê³  ê°ê°ì ì¸ íŒì†¡ ëª¨ìŒã…£íŠ¸ë Œë””í•˜ê³  ì‹ ë‚˜ëŠ” íŒì†¡ ëª¨ìŒã…£songs to make my day,#íŒì†¡ #í”Œë ˆì´ë¦¬ìŠ¤íŠ¸ #ìŒì•…
http://bugs.kr/!yt0249,https://img.youtube.com/vi/w9TfavGsQWI/maxresdefault.jpg,[Playlist] ì €ë¬¼ì–´ ê°€ëŠ” ì—¬ë¦„ì˜ ëìë½ã…£ë¶‰ê²Œ ë¬¼ë“  ë…¸ì„ì„ ë°”ë¼ë³´ë©° Acousticã…£when summer is gone,#íŒì†¡ #ì–´ì¿ ìŠ¤í‹± #í”Œë ˆì´ë¦¬ìŠ¤íŠ¸
http://bugs.kr/!yt0205,https://img.youtube.com/vi/U6vjuljkP38/maxresdefault.jpg,[Playlist] ë°–ì— ëª» ë‚˜ê°€ë©´ ì§‘ì—ì„œ í˜¼ì ë†€ë©´ ë¼ã…£ì—°ë§ í…ì…˜ ëŒì–´ì˜¬ë¦´ ê¸°ë¶„ì „í™˜ POP âš¡ã…£2020 best have fun alone at home playlist âš¡,#íŒì†¡ #í”Œë ˆì´ë¦¬ìŠ¤íŠ¸ #ê¸°ë¶„ì „í™˜
http://bugs.kr/!yt52770,https://img.youtube.com/vi/xdHP9nmJB_0/maxresdefault.jpg,[Playlist] ìŠµí•œ ê³µê¸°ì— ê°€ë¼ì•‰ëŠ” ë§ˆìŒ | ì„¼ì¹˜í•œ ì—¬ë¦„ë°¤ì— ë“£ê¸° ì¢‹ì€ ê°ì„±íŒ | summer night with sentimental pop,#íŒì†¡ #í”Œë ˆì´ë¦¬ìŠ¤íŠ¸ #ìŒì•…
http://bugs.kr/!yt0030,https://img.youtube.com/vi/F9Ex1ESEWN4/maxresdefault.jpg,[Playlist] ì›”ìš”ë³‘ ã…ƒã…ƒã…£ì‚°ëœ»í•˜ê²Œ ì¶©ì „í•˜ëŠ” í•˜ë£¨! í™œë ¥ ë¿œë¿œ BGM 2ã…£Charge Up Your Day!,#ì‹ ë‚˜ëŠ” #íŒì†¡ #í”Œë ˆì´ë¦¬ìŠ¤íŠ¸
http://bugs.kr/!yt0067,https://img.youtube.com/vi/dwOL4yMH3Vo/maxresdefault.jpg,[Playlist] ì´ì–´í°ì„ ê½‚ì€ ì±„ ë‘ ì¹« ë‘ ì¹« â™ªã…£Best Popular Songs Of 2020,#íŒì†¡ #í”Œë ˆì´ë¦¬ìŠ¤íŠ¸ #ê¸°ë¶„ì „í™˜
http://bugs.kr/!yt0192,https://img.youtube.com/vi/qwB_fMR4KD0/maxresdefault.jpg,[Playlist] ì°¨ê°€ì›Œì§„ ë°¤ê³µê¸°ì— ì–´ìš¸ë¦¬ëŠ” Deep GrooveğŸŒ’ã…£Deep & groovy vibes on a cold nightğŸŒ’,#íŒì†¡ #í”Œë ˆì´ë¦¬ìŠ¤íŠ¸ #ì €ë…
http://bugs.kr/!yt0235,https://img.youtube.com/vi/WdBVXXNRRBc/maxresdefault.jpg,"[Playlist] ë°”ìœ ì¼ìƒ ì† ì ê¹ì˜ ì—¬ìœ ã…£ë‚˜ë¥¸í•œ í–‡ì‚´, êµ¬ë¦„ì²˜ëŸ¼ í­ì‹ í•œ Sweet Melodyã…£chill & relax afternoon pop",#íŒì†¡ #í”Œë ˆì´ë¦¬ìŠ¤íŠ¸ #ì¹´í˜
http://bugs.kr/!yt62952,https://img.youtube.com/vi/hnP1rGxhh30/maxresdefault.jpg,[Playlist] ë„ˆê°€ 'ìê¸°ì•¼ ë¯¸ì•ˆí•´' í–ˆì–ì•„? í”Œë¦¬ ì´ë”´ ê±° ì•ˆ ë‚˜ì™”ì–´ | ì§€ë‚˜ê°„ ì—°ì• ê°€ í›„íšŒë  ë•Œ ë“£ëŠ” ë°œë¼ë“œ | korean sad ballad songs,#ì´ë³„ #í”Œë ˆì´ë¦¬ìŠ¤íŠ¸ #ë°œë¼ë“œ
http://bugs.kr/!yt37453,https://img.youtube.com/vi/NzYPY9neqUo/maxresdefault.jpg,[Playlist] ë”°ëœ»í•œ ê²¨ìš¸ì˜ ì¡°ê°ë“¤ | warm & cozy winter pop,#íŒì†¡ #í”Œë ˆì´ë¦¬ìŠ¤íŠ¸ #ë”°ëœ»í•œ
http://bugs.kr/!yt63630,https://img.youtube.com/vi/KLkbq5bGDrY/maxresdefault.jpg,[Playlist] ë²Œì¨ ë´„ì´ ì˜¨ ê²ƒì²˜ëŸ¼ ë“¤ëœ¨ì–ì•„ | spring daily pop ğŸŒ¼,#íŒì†¡ #í”Œë ˆì´ë¦¬ìŠ¤íŠ¸ #ê¸°ë¶„ì „í™˜
http://bugs.kr/!yt0265,https://img.youtube.com/vi/JDL7HlU83TE/maxresdefault.jpg,[Playlist] ì•„ì¹¨ ì‚¬ê³¼ì²˜ëŸ¼ ğŸ ë‹¬ì§ì§€ê·¼ ê¸°ë¶„ ì¢‹ì•„ì§€ëŠ” Daily Pop 11ã…£songs to make you feel happy ğŸ,#íŒì†¡ #í”Œë ˆì´ë¦¬ìŠ¤íŠ¸ #ê¸°ë¶„ì „í™˜
http://bugs.kr/!yt0180,https://img.youtube.com/vi/yRxb3_cqxV0/maxresdefault.jpg,"[Playlist] ì•„ì•„, ì—¬ê¸°ëŠ” ì ìˆ˜êµ ğŸŒœ | ì ë“¤ê¸° ì‹«ì€ ë„ ìœ„í•œ í™í•œ ì‚¬ìš´ë“œã…£Trendy hiphop for night owls ğŸŒœ",#í”Œë ˆì´ë¦¬ìŠ¤íŠ¸ #í™í•© #ë°¤
http://bugs.kr/!yt0246,https://img.youtube.com/vi/6QcTHBJv_pE/maxresdefault.jpg,[Playlist] ì–´ì„œì™€! ìš°ë¦¬ë§Œì˜ ì—¬ë¦„ ìº í”„ ğŸ‰ã…£íœ´ê°€ê°ˆ ë•Œ ê¼­ ì±™ê²¨ì•¼ í•  Summer Popsã…£colorful summer vacation ğŸ‰,#íŒì†¡ #í”Œë ˆì´ë¦¬ìŠ¤íŠ¸ #ì—¬ë¦„
http://bugs.kr/!yt0238,https://img.youtube.com/vi/Tx6Z6a4nEz0/maxresdefault.jpg,"[Playlist] ì´ê±° ì°¸ ì‹œí‹°íŒ ë“£ê¸° ë”± ì¢‹ì€ ë‚ ì”¨ë„¤ã…£ìŠµê¸° ê°€ë“í•œ ì—¬ë¦„ë°¤, ì„œìš¸ ë„ì‹¬ì„ ë¹›ë‚´ëŠ” ê·¸ë£¨ë¸Œ ì‹œí‹°íŒ âœ¨ã…£summer night drive citypop/kpop",#ì‹œí‹°íŒ #í”Œë ˆì´ë¦¬ìŠ¤íŠ¸ #ê°€ìš”
http://bugs.kr/!yt0212,https://img.youtube.com/vi/uxGG83TF8_U/maxresdefault.jpg,[Playlist] ì•ˆë…•? ìš°ë¦¬ ì¹œêµ¬í• ë˜?ã…£í’‹í’‹í•œ í•˜ì´í‹´ ì˜í™” ë¸Œê¸ˆ ê°™ì€ ìƒê¸°ë°œë„ POP ğŸŠã…£feel like i'm in a teen movie!,#íŒì†¡ #í”Œë ˆì´ë¦¬ìŠ¤íŠ¸ #ê¸°ë¶„ì „í™˜
http://bugs.kr/!yt0183,https://img.youtube.com/vi/2X8lDicOC6U/maxresdefault.jpg,"[Playlist] ì¡°ìš©í•œ ë°”ë‹·ê°€ ìº í•‘ì¥ì—ì„œã…£ë¶ˆë©ì´ í•„ìš”í•œ ì‹œê°„, ë‚˜í™€ë¡œ íë§ ë®¤ì§ã…£Sentimental Campfire Songs",#íŒì†¡ #í”Œë ˆì´ë¦¬ìŠ¤íŠ¸ #ë¶ˆë©
http://bugs.kr/!yt0084,https://img.youtube.com/vi/GBVEHPh_HRs/maxresdefault.jpg,[Playlist] ê°ê°ì  ë´„ë§ì´! ëŸ¬ë¸”ë¦¬ì™€ ì„¼ìŠˆì–¼ ê·¸ ì‚¬ì´ã…£Best Popular Songs Of 2020,#íŒì†¡ #í”Œë ˆì´ë¦¬ìŠ¤íŠ¸ #ìŒì•…
http://bugs.kr/!yt50323,https://img.youtube.com/vi/FmnHDSi5GNY/maxresdefault.jpg,[Playlist] ìƒì¾Œí•˜ê³  ì‚°ëœ»í•œ í•˜ë£¨ğŸ’™ | ê¸°ë¶„ì „í™˜ì´ í•„ìš”í•  ë•Œ ë“£ëŠ” ë¦¬ë“œë¯¸ì»¬ íŒ | refresh pop for good dayğŸ’™,#íŒì†¡ #í”Œë ˆì´ë¦¬ìŠ¤íŠ¸ #ê¸°ë¶„ì „í™˜
http://bugs.kr/!yt56796,https://img.youtube.com/vi/mZfRkXlAF34/maxresdefault.jpg,[Playlist] ê¸°ë¶„ë„ ê´‘í•©ì„±ì´ í•„ìš”í•´ | ë´„ê³¼ ì´ˆì—¬ë¦„ ì‚¬ì´! ê¸°ë¶„ì „í™˜ ë°ì¼ë¦¬ íŒ | early summer daily pop â˜€ï¸,#íŒì†¡ #í”Œë ˆì´ë¦¬ìŠ¤íŠ¸ #ì´ˆì—¬ë¦„
http://bugs.kr/!yt0200,https://img.youtube.com/vi/TNkM5_nf01U/maxresdefault.jpg,"[Playlist] ì£¼ë§ ì˜¤í›„, ê´‘í•©ì„±í•˜ê¸° ì¢‹ì€ ì˜¨ì‹¤ ì¹´í˜ì—ì„œ ğŸŒ¿ã…£ë”°ëœ»í–ˆë˜ ë¬´ìˆ˜í•œ ë‚ ë“¤ì— ëŒ€í•œ ë‹¨ìƒã…£afternoon chilling tape ğŸ“¼",#íŒì†¡ #í”Œë ˆì´ë¦¬ìŠ¤íŠ¸ #ì¹´í˜
http://bugs.kr/!yt0187,https://img.youtube.com/vi/8r7JiZRHSfs/maxresdefault.jpg,"[Playlist] í¬ë¦¬ìŠ¤ë§ˆìŠ¤ ê°€ì¡±ì˜í™” í•œ í¸ ë³¸ ê²ƒë§Œ ê°™ì€ ëŠë‚Œ ğŸã…£ìƒ‰ë‹¤ë¥¸ ê°ë™, í¬ë¦¬ìŠ¤ë§ˆìŠ¤ í´ë˜ì‹ ìŠ¤í˜ì…œã…£Best Classical Christmas Music ğŸ„",#ìºë¡¤ #í”Œë ˆì´ë¦¬ìŠ¤íŠ¸ #í´ë˜ì‹
http://bugs.kr/!yt0142,https://img.youtube.com/vi/Zf497FZfDp4/maxresdefault.jpg,[Playlist] ë°˜íŒ” ë§¤ì¥ì—ì„œ ë“¤ë ¸ìœ¼ë©´ í•˜ëŠ” BGM #4 ğŸ’›ã…£ T-shirt Shop Background Music ğŸ’›,#íŒì†¡ #í”Œë ˆì´ë¦¬ìŠ¤íŠ¸ #ê¸°ë¶„ì „í™˜
http://bugs.kr/!yt0017,https://img.youtube.com/vi/FjVhjLG2pkU/maxresdefault.jpg,[Playlist] ë¶„ìœ„ê¸° ë¬´ì—‡...? ì„¼ì¹˜í•œ ê°ì„±ì˜ ê°€ì„ íŒì†¡ã…£ì‚¬ìš´ë“œ í´ë¼ìš°ë“œ ê°ì„± ê°€ì„ ì¹´í˜ íŒì†¡,#íŒì†¡ #í”Œë ˆì´ë¦¬ìŠ¤íŠ¸ #ê°€ì„
http://bugs.kr/!yt0185,https://img.youtube.com/vi/itXDhRsf9WA/maxresdefault.jpg,[Playlist] ì˜¤ëŠ˜ì€ ê·¸ëƒ¥ ë’¹êµ´ê±°ë¦¬ë©´ ì•ˆë ê¹Œã…£ğŸ¨ê·¸ë¦¼ ê·¸ë¦´ ë•Œ ë“£ëŠ” ìŒì•… 05ã…£Best songs to listen to while paintingğŸ¨,#íŒì†¡ #í”Œë ˆì´ë¦¬ìŠ¤íŠ¸ #ì¹´í˜
http://bugs.kr/!yt0126,https://img.youtube.com/vi/nsyMt6gX-II/maxresdefault.jpg,[Playlist] í™í•œ ê·¸ ì• ê°€ ê±¸ì„ ë•Œ ë‚˜ì˜¬ ê²ƒ ê°™ì€ ë…¸ë˜ã…£Hipster walking songs,#íŒì†¡ #í”Œë ˆì´ë¦¬ìŠ¤íŠ¸ #ìŒì•…
http://bugs.kr/!yt50328,https://img.youtube.com/vi/jdI4nJZTJl8/maxresdefault.jpg,[Playlist] ë„ˆì—ê²Œ ì ê¸°ê³  ì‹¶ì€ ë°¤ã…£ë§ˆìŒì´ ëª½ê¸€ëª½ê¸€í•´ì§€ëŠ” ëª½í™˜ì ì¸ ì‚¬ìš´ë“œ | late night with indie pop,#íŒì†¡ #í”Œë ˆì´ë¦¬ìŠ¤íŠ¸ #ë°¤
http://bugs.kr/!yt0216,https://img.youtube.com/vi/_haKaOd1_zg/maxresdefault.jpg,"[Playlist] ë¡œíŒŒì´, ì»¤í”¼ í•œ ì”ì˜ ì—¬ìœ  â˜•ã…£coffee & cigarette, chillax bgm",#ë¡œíŒŒì´ #í”Œë ˆì´ë¦¬ìŠ¤íŠ¸ #ì¹´í˜
http://bugs.kr/!yt0229,https://img.youtube.com/vi/Tu8U2w7fLlU/maxresdefault.jpg,"[Playlist] ë„ˆë¬´ ì¢‹ì€ë°... ê´œì°®ìœ¼ì‹œê² ì–´ìš”?ã…£ì§€ë£¨í•œ ì¼ìƒ, ê°€ë³ê²Œ ë“£ê¸° ì¢‹ì€ ë°ì¼ë¦¬ íŒã…£damn! this playlist is so good ğŸ’™",#íŒì†¡ #í”Œë ˆì´ë¦¬ìŠ¤íŠ¸ #ê¸°ë¶„ì „í™˜
http://bugs.kr/!yt51778,https://img.youtube.com/vi/sWBK1e55JSM/maxresdefault.jpg,[Playlist] ê·¸ë˜ë„ ì˜¤í›„ì˜ í–‡ì‚´ì€ ë”°ëœ»í•´ | á„á…¡á„€á…¡á„‹á…¯á„Œá…µá†« á„†á…©á†·á„‹á…³á†¯ á„‚á…©á†¨á„‹á…µá„‚á…³á†« soft melody | lazy afternoon with cozy music,#íŒì†¡ #í”Œë ˆì´ë¦¬ìŠ¤íŠ¸ #ì¹´í˜
http://bugs.kr/!yt0094,https://img.youtube.com/vi/WsjH2ICchhs/maxresdefault.jpg,[Playlist] ê°€ë³ê²Œ! ìê·¹ì ì´ì§€ ì•Šì€ ë‹¬ì§ì§€ê·¼ ë°ì¼ë¦¬ íŒ!ã…£Best Popular Songs Of 2020,#íŒì†¡ #í”Œë ˆì´ë¦¬ìŠ¤íŠ¸ #ê¸°ë¶„ì „í™˜
http://bugs.kr/!yt50553,https://img.youtube.com/vi/L2PmfUGehEI/maxresdefault.jpg,[Playlist] ì˜¬í•´ í™ˆíŒŒí‹° í‚¤ì›Œë“œëŠ” ì‹ ë‚¨ ğŸ‰ | ì—°ë§ íŒŒí‹°ë¥¼ ì¤€ë¹„í•˜ë©° ë“£ëŠ” ê²½ì¾Œí•œ íŒì†¡ | house party BGM ğŸ‰,#íŒì†¡ #í”Œë ˆì´ë¦¬ìŠ¤íŠ¸ #ìŒì•…
http://bugs.kr/!yt0025,https://img.youtube.com/vi/a_80o2lDYec/maxresdefault.jpg,[Playlist] ìŠ¬ìŠ¬ ì—°ë§ ë¶„ìœ„ê¸°ë¥¼ ë‚´ë³¼ê¹Œìš”? | í¼í™íŠ¸ í¬ë¦¬ìŠ¤ë§ˆìŠ¤ ìºë¡¤ í”Œë ˆì´ë¦¬ìŠ¤íŠ¸ğŸ„ğŸ…ğŸ | Best Christmas Pop Songs Of All Time,#ìºë¡¤ #íŒì†¡ #í”Œë ˆì´ë¦¬ìŠ¤íŠ¸
http://bugs.kr/!yt50555,https://img.youtube.com/vi/KjzbqzoEgrQ/maxresdefault.jpg,[Playlist] ì¬ì¦ˆ ìºë¡¤ê³¼ í•¨ê»˜ í•˜ëŠ” ì—°ë§ ğŸ„ | ë¶„ìœ„ê¸°ìˆëŠ” í¬ë¦¬ìŠ¤ë§ˆìŠ¤ BGM | christmas jazz music ğŸ„,#ìºë¡¤ #ì¬ì¦ˆ #í”Œë ˆì´ë¦¬ìŠ¤íŠ¸
http://bugs.kr/!yt0108,https://img.youtube.com/vi/6QPRWCSBRsQ/maxresdefault.jpg,[Playlist] ì´ ë…¸ë˜ë¥¼ ë“£ëŠ” ìˆœê°„! ê·¸ë£¨ë¸Œ íƒ€ê²Œë ê»„?ã…£Hear this song! You're gonna groove,#íŒì†¡ #í”Œë ˆì´ë¦¬ìŠ¤íŠ¸ #ìŒì•…
http://bugs.kr/!yt0013,https://img.youtube.com/vi/WSZOckFU8U8/maxresdefault.jpg,[Playlist] í˜¸ìº‰ìŠ¤ ê°ˆ ë•Œ ë¬´ì¡°ê±´ ì±™ê²¨ì•¼í•˜ëŠ” íŒì†¡ì¶”ì²œã…£ê²½ì¾Œí•˜ê³  ì„¸ë ¨ëœ íŒì†¡ ëª¨ìŒ,#ì‹ ë‚˜ëŠ” #íŒì†¡ì¶”ì²œ #í”Œë ˆì´ë¦¬ìŠ¤íŠ¸
http://bugs.kr/!yt0040,https://img.youtube.com/vi/XaaZjDFEtKw/maxresdefault.jpg,[Playlist] ë‚˜ì˜ ì‘ê³  ì†Œì¤‘í•œ í¬ë¦¬ìŠ¤ë§ˆìŠ¤ ğŸ„ã…£í¬ê·¼í•œ ì¹´í˜ì— íë¥´ëŠ” ì”ì”í•œ ìºë¡¤ í”Œë ˆì´ë¦¬ìŠ¤íŠ¸ã…£my little precious christmas,#ìºë¡¤ #íŒì†¡ #í”Œë ˆì´ë¦¬ìŠ¤íŠ¸
http://bugs.kr/!yt0193,https://img.youtube.com/vi/Uc20YSleGBw/maxresdefault.jpg,[Playlist] ë“¤ì–´ë´¤ì–´? ìš”ì¦˜ ë¶ë¯¸ì—ì„œ ëœ¨ëŠ” íŒ! âœ¨ã…£ìœ íŠœë¸Œ íŠ¸ë Œë”© Top15 : 2021ë…„ 1ì›” âœ¨ã…£YouTube Trending Top 15 : January 2021,#íŒì†¡ #í”Œë ˆì´ë¦¬ìŠ¤íŠ¸ #ìœ íŠœë¸Œ
http://bugs.kr/!yt0179,https://img.youtube.com/vi/ChM7Fw0QMUI/maxresdefault.jpg,[Playlist] êµ¿ëª¨ë‹~ ì•„ì¹¨ê¸¸ ê¸°ë¶„ UP! í•˜ê²Œ ë§Œë“œëŠ” Popã…£Have a nice day! Trendy Pop ğŸŒ…,#íŒì†¡ #í”Œë ˆì´ë¦¬ìŠ¤íŠ¸ #ê¸°ë¶„ì „í™˜
http://bugs.kr/!yt59923,https://img.youtube.com/vi/wzfHjswUEQI/maxresdefault.jpg,[Playlist] á„‹á…©á„‚á…³á†¯á„ƒá…© á„‰á…¡á†¼á„á…³á†·á„’á…¡á„€á…¦ | good vibes music,#íŒì†¡ #í”Œë ˆì´ë¦¬ìŠ¤íŠ¸ #ê¸°ë¶„ì „í™˜
http://bugs.kr/!yt57140,https://img.youtube.com/vi/i8DTqsGtvWA/maxresdefault.jpg,[Playlist] ë´„ì— ì´ í”Œë¦¬ë©´ ë¼ ğŸ’“ | ê°€ë³ê²Œ ë“£ê¸° ì¢‹ì€ ë°ì¼ë¦¬íŒ | spring daily pop ğŸ’“,#íŒì†¡ #í”Œë ˆì´ë¦¬ìŠ¤íŠ¸ #ë°ì¼ë¦¬íŒ
http://bugs.kr/!yt0268,https://img.youtube.com/vi/z060aThI9qM/maxresdefault.jpg,[Playlist] ì‚¬ë¥´ë¥´ ë¶€ë“œëŸ½ê²Œ ë…¹ì•„ë“œëŠ”ã…£ì¶”ìš´ ë‚  ë“£ê¸° ì¢‹ì€ ë©œë¡œìš° ì•Œì•¤ë¹„ã…£mellow winter soft r&b â˜•,#ì•Œì•¤ë¹„ #íŒì†¡ #í”Œë ˆì´ë¦¬ìŠ¤íŠ¸
http://bugs.kr/!yt0118,https://img.youtube.com/vi/8DRgFBd2_8E/maxresdefault.jpg,"[Playlist] ì‹œê°„ì€ ì˜¤í›„ 3ì‹œ ì˜¨ë„ëŠ” 20ë„ã…£20â„ƒ, 3 p.m.",#íŒì†¡ #ë©œë¡œìš° #í”Œë ˆì´ë¦¬ìŠ¤íŠ¸
http://bugs.kr/!yt57036,https://img.youtube.com/vi/AAfmtUcyzhU/maxresdefault.jpg,[Playlist] ê·¸ë£¨ë¸Œì— í™ íˆ¬ìƒ· ì¶”ê°€ | ê°ê°ì ì¸ ê³µê°„ì„ ì±„ìš°ëŠ” ê·¸ë£¨ë¸Œ BGM | hip and groovy vibes,#íŒì†¡ #í”Œë ˆì´ë¦¬ìŠ¤íŠ¸ #ì €ë…
http://bugs.kr/!UNDYEDROOMPAGE,https://img.youtube.com/vi/PhDnObiRHMY/maxresdefault.jpg,[Playlist] ì¿¨í•œ ë¶„ìœ„ê¸°ì— ì·¨í•˜ëŠ” ì—¬ë¦„ë°¤ | ë‚˜ë§Œì˜ ê³µê°„ì—ì„œ ë“£ëŠ” ê°ê°ì ì¸ ì‚¬ìš´ë“œ with ì–¸ë‹¤ì´ë“œë£¸ | summer night chill mix,#íŒì†¡ #í”Œë ˆì´ë¦¬ìŠ¤íŠ¸ #ìŒì•…
http://bugs.kr/!yt0102,https://img.youtube.com/vi/6yu6Qmy5cBE/maxresdefault.jpg,[Playlist] ì„ì–‘ì˜ ë‚˜ë¥¸í•¨ê³¼ ê°ì„± ë‹®ì€ Vintage Moodã…£Languid Vintage Mood,#íŒì†¡ #í”Œë ˆì´ë¦¬ìŠ¤íŠ¸ #ë¹ˆí‹°ì§€
http://bugs.kr/!yt0263,https://img.youtube.com/vi/8-pl-aLLRnU/maxresdefault.jpg,"[Playlist] í•´ ì§ˆ ë¬´ë µ, ì˜¤ë Œì§€ ë¹›ìœ¼ë¡œ ë¬¼ë“¤ì–´ê°€ëŠ” ì‹œê°„ã…£when the sun goes down ğŸŒ‡",#íŒì†¡ #í”Œë ˆì´ë¦¬ìŠ¤íŠ¸ #ë…¸ì„
http://bugs.kr/!yt63282,https://img.youtube.com/vi/uNAly25QjXk/maxresdefault.jpg,[Playlist] ì„¤ë‚ ì—ë„ ê±´í–‰ğŸ˜Šã„± | ëª…ì ˆ íŠ¹ì§‘! ì„ì˜ì›… ë…¸ë˜ ëª¨ìŒ | Lim Young Woong essential;,#LimYoungWoong #ì„ì˜ì›… #í”Œë ˆì´ë¦¬ìŠ¤íŠ¸
http://bugs.kr/!yt0078,https://img.youtube.com/vi/gJST2Yu-Kho/maxresdefault.jpg,[Playlist] ìƒí¼ ë°œë„í•œ ë ˆëª¬ ê°™ì€ íŒ!ã…£Best Popular Songs Of 2020,#íŒì†¡ #í”Œë ˆì´ë¦¬ìŠ¤íŠ¸ #ë°ì¼ë¦¬íŒ
http://bugs.kr/!yt0042,https://img.youtube.com/vi/lCdQcZDDdOs/maxresdefault.jpg,[Playlist] ã…‹ã…‹ìº¬ìº¬ìº¬ã…‘ã…‘ã…‘ ì§€ë‚˜ê°€ë˜ ê°œë„ ì›ƒëŠ” ì‹ ë‚˜ëŠ” íŒ!ã…£ì¶œí‡´ê·¼ê¸¸ ê¸°ë¶„ UP ì‹œì¼œì¤„ ë¦¬ë“œë¯¸ì»¬ íŒ í”Œë ˆì´ë¦¬ìŠ¤íŠ¸ã…£best songs to make you smile !,#ë…¸ë™ìš” #ì‹ ë‚˜ëŠ” #íŒì†¡
http://bugs.kr/!yt56965,https://img.youtube.com/vi/H9SUhQiih9M/maxresdefault.jpg,[Playlist] ë´„ë°”ëŒì— ë§ˆìŒì´ ì‚´ë‘ì‚´ë‘ | spring is coming with youğŸ­,#íŒì†¡ #í”Œë ˆì´ë¦¬ìŠ¤íŠ¸ #spring
http://bugs.kr/!yt50651,https://img.youtube.com/vi/ECfuKi5-Cfs/maxresdefault.jpg,"[Playlist] ì™€ ì´ ë…¸ë˜ê°€ ë²Œì¨... ì„¸ì›” ë¬´ì—‡?ã…£ì‹ ë…„ íŠ¹ì§‘, 2022 ì´ì¯¤ì—ì„œ ë‹¤ì‹œ ë“£ëŠ” 20ì£¼ë…„ ê¸°ë… ëª…ê³¡ã…£best songs turning 20 in 2022 â³",#íŒì†¡ #í”Œë ˆì´ë¦¬ìŠ¤íŠ¸ #ëª…ê³¡
http://bugs.kr/!yt0214,https://img.youtube.com/vi/Ks4LTtgx7WE/maxresdefault.jpg,[Playlist] ì–´ì©Œë‹¤ ë…¸ì„ì´ ì¢‹ì€ ë‚ ã…£ë¸”ë£¨íˆ¬ìŠ¤ ìŠ¤í”¼ì»¤ë¡œ ê°€ë³ê²Œ ë“£ê¸° ì¢‹ì€ POP 3ã…£somewhere beyond the sunsetğŸ§¡,#íŒì†¡ #í”Œë ˆì´ë¦¬ìŠ¤íŠ¸ #ë…¸ì„
http://bugs.kr/!yt0146,https://img.youtube.com/vi/hwpxZtECUOc/maxresdefault.jpg,[Playlist] ê¿‰ê¿‰í•´ì§„ ë‚ ì”¨ì— ì•ˆì„±ë§ì¶¤! Summer Pops ğŸŒ»ã…£Happy Summer Pops ğŸŒ»,#íŒì†¡ #í”Œë ˆì´ë¦¬ìŠ¤íŠ¸ #ì—¬ë¦„
http://bugs.kr/!yt0181,https://img.youtube.com/vi/LlDSMktrlwE/maxresdefault.jpg,"[Playlist] ğŸ‚ ì„ ì„ í•œ ê°€ì„, ì¹´í˜ í…Œë¼ìŠ¤ì—ì„œ ë“£ëŠ” ì¬ì¦ˆ l Jazz Songs On The Terrace",#íŒì†¡ #ì¬ì¦ˆ #í”Œë ˆì´ë¦¬ìŠ¤íŠ¸
http://bugs.kr/!yt0254,https://img.youtube.com/vi/49B9cpKqtMA/maxresdefault.jpg,[Playlist] ì›”ìš”ì¼ ì•ˆë…•?ã…£ì¶• ì²˜ì§€ëŠ” ê¸°ë¶„ì„ ë°”ê¿”ì¤„ Refresh Popã…£fresh up daily pop ğŸ€,#ì‹ ë‚˜ëŠ” #íŒì†¡ #í”Œë ˆì´ë¦¬ìŠ¤íŠ¸
http://bugs.kr/!yt0002,https://img.youtube.com/vi/UoB_VNIctcc/maxresdefault.jpg,[Playlist] ì‚¬ìš´ë“œí´ë¼ìš°ë“œ í™í•œ ê°ì„± í”Œë ˆì´ë¦¬ìŠ¤íŠ¸,#í”Œë ˆì´ë¦¬ìŠ¤íŠ¸ #ìŒì•… #ì‚¬ìš´ë“œí´ë¼ìš°ë“œ
http://bugs.kr/!yt0070,https://img.youtube.com/vi/XpP5P1FFkSs/maxresdefault.jpg,[Playlist] í‘í‚¤í•œ ê·¸ë£¨ë¸Œ + ë ˆíŠ¸ë¡œ ê°ì„± ë‘ ìŠ¤í‘¼ = ë°”ë¡œ ì´ ëŠë‚Œ!ã…£Best Popular Songs Of 2020,#íŒì†¡ #í”Œë ˆì´ë¦¬ìŠ¤íŠ¸ #funk
http://bugs.kr/!yt54337,https://img.youtube.com/vi/Sf5xHaa_vxc/maxresdefault.jpg,[Playlist] ì„ ì„ í•´ì„œ ë” ì¢‹ì•„ã…£ì´ˆê°€ì„ ì°¨ ì•ˆì—ì„œ ë“£ê¸° ì¢‹ì€ ì‚°ëœ»í•œ ìŒì•…ã…£autumn drive pop ğŸš™,#íŒì†¡ #í”Œë ˆì´ë¦¬ìŠ¤íŠ¸ #ë“œë¼ì´ë¸Œ
http://bugs.kr/!yt0159,https://img.youtube.com/vi/lmrqqOcehNo/maxresdefault.jpg,"[Playlist] ë‚˜ë¥¸í•˜ê³  í¸ì•ˆí•œ ë¶„ìœ„ê¸°, Seriously Chillã…£Time to chill out with electronic beats",
http://bugs.kr/!yt0169,https://img.youtube.com/vi/1pvOgxRQVDM/maxresdefault.jpg,[Playlist] ì§‘ì½•ëŸ¬ë“¤ ìœ„í•œ í¸ì•ˆí•œ ì£¼ë§ì˜ Vibeã…£A Comfortable Weekendâ€™s Vibe,#íŒì†¡ #í”Œë ˆì´ë¦¬ìŠ¤íŠ¸ #ê¸°ë¶„ì „í™˜
http://bugs.kr/!yt0103,https://img.youtube.com/vi/wjf9iyEc_PE/maxresdefault.jpg,[Playlist] í•˜ì–€ ìš°ìœ ì— ì—ìŠ¤í”„ë ˆì†Œ í•œ ë°©ìš¸ã…£Espresso in White Milk,#íŒì†¡ #í”Œë ˆì´ë¦¬ìŠ¤íŠ¸ #ì €ë…
http://bugs.kr/!yt0051,https://img.youtube.com/vi/Oz7MAt-5iKY/maxresdefault.jpg,"[Playlist] ì‘ì‹¬ì‚¼ì¼?ã…£ìš´ë™, í—¬ìŠ¤, ëŒ„ìŠ¤ ë‹¤ë˜ëŠ” ìƒˆì¶œë°œ ì¼ë ‰íŠ¸ë¡œë‹‰!",#íŒì†¡ #í”Œë ˆì´ë¦¬ìŠ¤íŠ¸ #ìš´ë™
http://bugs.kr/!yt0059,https://img.youtube.com/vi/AfoM72N_eRM/maxresdefault.jpg,"[Playlist] ì €ê¸°ë´,, ê½ƒë“¤ì´ ì¶¤ì„ ì¶° ğŸŒ»ã…£ë§ˆìŒì„ ê°€ë³ê²Œ í•´ì¤„ ì‚°ëœ»í•œ ê·¸ë£¨ë¸Œ íŒã…£Best Popular Songs Of 2020",#íŒì†¡ #í”Œë ˆì´ë¦¬ìŠ¤íŠ¸ #ê¸°ë¶„ì „í™˜
http://bugs.kr/!yt61884,https://img.youtube.com/vi/xZRo_6YQ-70/maxresdefault.jpg,[Playlist] á„€á…§á„‹á…®á†¯á„‹á…¦á„ƒá…© á„‹á…µá„‡á…§á†¯á„’á…¡á†¯ á„‰á…® á„‹á…µá†»á„Œá…¡á†­á„‹á…¡á„‹á…­ã…£í—¤ì–´ì§„ í›„ ë“£ëŠ” ë°œë¼ë“œ | sad songs for broken hearts,#ì´ë³„ #í”Œë ˆì´ë¦¬ìŠ¤íŠ¸ #ë°œë¼ë“œ
http://bugs.kr/!yt0047,https://img.youtube.com/vi/tc-7FaEZyhA/maxresdefault.jpg,"[Playlist] ë³„ì´ ë¹›ë‚˜ëŠ” ë°¤, ë©”ë¦¬ í¬ë¦¬ìŠ¤ë§ˆìŠ¤ã…£ê°ì„±ì ì¸ ì¸ë”” ìºë¡¤ í”Œë ˆì´ë¦¬ìŠ¤íŠ¸ã…£Best Holiday Songs Of 2019",#ìºë¡¤ #íŒì†¡ #í”Œë ˆì´ë¦¬ìŠ¤íŠ¸
http://bugs.kr/!yt64513,https://img.youtube.com/vi/RhvWMNLWEK0/maxresdefault.jpg,[Playlist] ì•„ì´ìœ  ì°¸ ì¢‹ë‹¤ | ì•„ì´ìœ  ë…¸ë˜ ëª¨ìŒ | IU essential;,#IU #í”Œë ˆì´ë¦¬ìŠ¤íŠ¸ #ì•„ì´ìœ 
http://bugs.kr/!yt0095,https://img.youtube.com/vi/gB7viEtrph0/maxresdefault.jpg,[Playlist] iPhone 11 Proã…£Best Popular Songs Of 2020,#íŒì†¡ #í”Œë ˆì´ë¦¬ìŠ¤íŠ¸ #ì• í”Œ
http://bugs.kr/!yt63931,https://img.youtube.com/vi/NruLToOBn58/maxresdefault.jpg,[Playlist] ë‹¤ ì˜ ë  ê±°ì•¼! ë„ˆì˜ ë´„ğŸ€ | ì‹±ê·¸ëŸ½ê³  ê²½ì¾Œí•œ ë´„ ë…¸ë˜ | spring mood songs,#íŒì†¡ #í”Œë ˆì´ë¦¬ìŠ¤íŠ¸ #ì‘ì›
http://bugs.kr/!yt0175,https://img.youtube.com/vi/y5pqNsGlEio/maxresdefault.jpg,[Playlist] ê°ì„±ì´ í„°ì§€ëŠ” trendy ì™¸êµ­í™í•© l Emotional & Trending Hip Hop Songs,#ê°ì„±í™í•© #íŒì†¡ #í”Œë ˆì´ë¦¬ìŠ¤íŠ¸
http://bugs.kr/!yt0022,https://img.youtube.com/vi/MJqadSvaPyE/maxresdefault.jpg,[Playlist] ê³ ë§‰ë¶€í„° ì‹¬ì¥ê¹Œì§€ ì°Œë¦¿í•´ì§€ëŠ” ê°ì„±ì˜ í­ì£½ë†€ì´ã…£ë”°ëœ»í•˜ê²Œ ê·€ë¥¼ ë…¹ì—¬ì¤„ ì‚¬ìš´ë“œí´ë¼ìš°ë“œ í”Œë ˆì´ë¦¬ìŠ¤íŠ¸ã…£sweet mellow pop for the warm nights,#íŒì†¡ #í”Œë ˆì´ë¦¬ìŠ¤íŠ¸ #ìŒì•…
http://bugs.kr/!yt0112,https://img.youtube.com/vi/tRnJqiS_InY/maxresdefault.jpg,[Playlist] íŠ¸ë Œë””í•œ ì¹´í˜ì—ì„œ íë¥´ëŠ” íŒì†¡ã…£from Instagrammable Cafe,#íŒì†¡ #í”Œë ˆì´ë¦¬ìŠ¤íŠ¸ #ì¹´í˜
http://bugs.kr/!yt0143,https://img.youtube.com/vi/hOJO6i3EWCo/maxresdefault.jpg,[Playlist] âœ¨ ìœ íŠœë¸Œ íŠ¸ë Œë”© Top15 : 2020ë…„ 7ì›” âœ¨ã…£YouTube Trending Top 15 : July 2020,#íŒì†¡ #í”Œë ˆì´ë¦¬ìŠ¤íŠ¸ #ìœ íŠœë¸Œ
http://bugs.kr/!yt0213,https://img.youtube.com/vi/Nz4uAOWe0JY/maxresdefault.jpg,[Playlist] ì´ê³³ì€ ì•„ë¦„ë‹¤ìš´ ë¬´ì¤‘ë ¥ ê³µê°„ ğŸŒŒã…£ë³„ì„ í•˜ë‚˜í•˜ë‚˜ ì„¸ì–´ë‚´ëŠ” ë§ˆìŒìœ¼ë¡œã…£for space travelers ğŸŒŒ,#íŒì†¡ #í”Œë ˆì´ë¦¬ìŠ¤íŠ¸ #ìƒˆë²½ê°ì„±
http://bugs.kr/!yt0097,https://img.youtube.com/vi/FX6mNUZbSSE/maxresdefault.jpg,"[Playlist] ì‚°ëœ»í•œ ì˜¤í›„ 2ì‹œ, ì¹´í˜ í˜¹ì€ ê³µì›ì—ì„œã…£Fresh Afternoon, at a Cafe or a Park",#íŒì†¡ #í”Œë ˆì´ë¦¬ìŠ¤íŠ¸ #ìŒì•…
http://bugs.kr/!yt56402,https://img.youtube.com/vi/SjOl_Bl1l20/maxresdefault.jpg,[Playlist] á„‚á…¢ á„‹á…³á†·á„‹á…¡á†¨ á„á…±á„’á…£á†¼á„‹á…³á†« á„‹á…¥á†·á„†á…¡ á„‡á…¡á†« á„‹á…¡á„ˆá…¡ á„‡á…¡á†« | oldies but goodies 60s and 70s,#íŒì†¡ #ì¶”ì„íŠ¹ì§‘ #ì˜¬ë“œíŒ
http://bugs.kr/!yt57278,https://img.youtube.com/vi/RvvIquQTyLg/maxresdefault.jpg,[Playlist] ì—¬ìœ ë¡­ê²Œ í–‡ì‚´ì„ ì¦ê²¨ë³¼ê¹Œ? ğŸŒ· | ì‚°ëœ»í•œ ë´„ì— ë“£ê¸° ì¢‹ì€ BGM | spring pop songs ğŸŒ·,#íŒì†¡ #í”Œë ˆì´ë¦¬ìŠ¤íŠ¸ #ì¼ìƒ
http://bugs.kr/!yt0124,https://img.youtube.com/vi/w32bs_ISBi0/maxresdefault.jpg,"[Playlist] ì ë‹¹í•œ í…ì…˜, ê¸°ë¶„ì „í™˜ trendy pop #1ã…£Moderate tension, Refreshment trendy pop #1",
http://bugs.kr/!yt0008,https://img.youtube.com/vi/N3PvPwAavoE/maxresdefault.jpg,[Playlist] ë¬´ë”ìœ„ì•¼ ì˜ê°€ğŸŒ´ ì‹±ê·¸ëŸ½ê³  ìƒí¼í•œ ì—¬ë¦„ íŒì†¡ ì¶”ì²œ!,#í”Œë ˆì´ë¦¬ìŠ¤íŠ¸ #ê¸°ë¶„ì „í™˜ #ì—¬ë¦„
http://bugs.kr/!yt18474,https://img.youtube.com/vi/FJ3doi04J9k/maxresdefault.jpg,[Playlist] á„‘á…µá„€á…©á†«á„’á…¡á†« ì•„ì¹¨ á„‚á…®á†«á„‹á…µ á„‡á…¥á†«á„á…¥á†¨ á„„á…¥á„Œá…µá„‚á…³á†« á„‘á…¡á†¸ | ì‹ ë‚˜ëŠ” 2010ë…„ëŒ€ íŒì†¡ ëª¨ìŒ | 2010s chill morning songs,#ì‹ ë‚˜ëŠ” #íŒì†¡ #í”Œë ˆì´ë¦¬ìŠ¤íŠ¸
http://bugs.kr/!yt55673,https://img.youtube.com/vi/_mr8usEanDs/maxresdefault.jpg,[Playlist] ì•„í”„ë¡œ í¼ ë¯¸ì³¤ë‹¤ | ì¤‘ë…ì„± ê°•í•œ ì•„í”„ë¡œë¹„íŠ¸ í”Œë ˆì´ë¦¬ìŠ¤íŠ¸ | afrobeat vibes,#íŒì†¡ #í”Œë ˆì´ë¦¬ìŠ¤íŠ¸ #ìŒì•…
http://bugs.kr/!yt63283,https://img.youtube.com/vi/T3Gngwi7mdE/maxresdefault.jpg,[Playlist] ì—¬ê¸° ê·¸ë£¨ë¸Œê°€ íƒ€ê³  ìˆì–´ìš” | groove r&b playlist,#ì•Œì•¤ë¹„ #íŒì†¡ #í”Œë ˆì´ë¦¬ìŠ¤íŠ¸
http://bugs.kr/!yt0194,https://img.youtube.com/vi/AwGaZ92r0Js/maxresdefault.jpg,[Playlist] ë°©êµ¬ì„ í´ëŸ½ ê°œì¥ ğŸ”¥ã…£ì ˆì œëœ ì„¸ë ¨ë¯¸! ë‚´ì ëŒ„ìŠ¤ í­ë°œí•˜ëŠ” í…Œí¬í•˜ìš°ìŠ¤ã…£Best Tech House Mix ğŸ’ƒğŸ•º,#í”Œë ˆì´ë¦¬ìŠ¤íŠ¸ #í´ëŸ½ #EDM
http://bugs.kr/!yt0053,https://img.youtube.com/vi/u1kHo3nnWP4/maxresdefault.jpg,[Playlist] ê¸°ë¶„ ì¢‹ì€ ì‚°ì±…ì´ ë•¡ê¸¸ ë•Œ!ã…£ì„ ì„ í•œ ë‚˜ë“¤ì´ íŒ í”Œë ˆì´ë¦¬ìŠ¤íŠ¸ã…£Best Popular Songs Of 2020,#íŒì†¡ #í”Œë ˆì´ë¦¬ìŠ¤íŠ¸ #ê¸°ë¶„ì „í™˜
http://bugs.kr/!yt0005,https://img.youtube.com/vi/OcmVoOcOhmY/maxresdefault.jpg,[Playlist] ë„ì‹œì˜ ì €ë… ë…¸ì„ê³¼ ì–´ìš¸ë¦´ ê°ê°ì  ì¼ë ‰íŒ,#í”Œë ˆì´ë¦¬ìŠ¤íŠ¸ #ê°ì„± #ë„ì‹œ
http://bugs.kr/!CASPER,https://img.youtube.com/vi/XaII1HxS_NQ/maxresdefault.jpg,[Playlist] ëì´ ì¢‹ìœ¼ë©´ ë‹¤ ì¢‹ì€ ê±°ì•¼ ğŸ€ã…£ì•ˆë…• 2023! ê¸°ë¶„ì „í™˜ ë°ì¼ë¦¬ íŒ with ìºìŠ¤í¼ã…£daily drive pop,#íŒì†¡ #ìºìŠ¤í¼ #í”Œë ˆì´ë¦¬ìŠ¤íŠ¸
http://bugs.kr/!yt0104,https://img.youtube.com/vi/UHOLm6WHli0/maxresdefault.jpg,[Playlist] ê°€ì! ë©ˆì¶”ì§€ ë§ê³  í•œ ì„¸íŠ¸ ë”! ğŸ’ªã…£Don't stop! One more set! ğŸ’ª,#íŒì†¡ #í”Œë ˆì´ë¦¬ìŠ¤íŠ¸ #í™ˆíŠ¸ë ˆì´ë‹
http://bugs.kr/!yt0161,https://img.youtube.com/vi/83j3iuGT7Zk/maxresdefault.jpg,"[Playlist] ê¸°ë¶„ì „í™˜í•˜ê³  ì‹¶ì„ ë•Œ Pop Pop!ã…£If you're feeling bored, Pop Pop!",#íŒì†¡ #í”Œë ˆì´ë¦¬ìŠ¤íŠ¸ #ê¸°ë¶„ì „í™˜
http://bugs.kr/!yt0015,https://img.youtube.com/vi/fRmiK9Hxg0M/maxresdefault.jpg,[Playlist] ê°€ì„ ë°”ëŒ ëŠê»´ì§€ëŠ” ì„ ì„ í•œ ë“œë¼ì´ë¸Œ íŒì†¡ã…£ì¶”ì„ ì°¨ì•ˆì—ì„œ ë“£ëŠ” ê²½ì¾Œí•œ íŒì†¡ ì¶”ì²œ,#ì‹ ë‚˜ëŠ” #íŒì†¡ì¶”ì²œ #í”Œë ˆì´ë¦¬ìŠ¤íŠ¸
http://bugs.kr/!yt54881,https://img.youtube.com/vi/8JZ5Z10Tj2U/maxresdefault.jpg,"[Playlist] ë‹¤ì‹œ ê°€ì„, ì°¨ê°€ì›Œì§„ ë°”ëŒì„ ë§ìœ¼ë©° | ê¸°ë¶„ì¢‹ì€ ì„¼ì¹˜í•¨ì´ ê°€ë“í•œ ì•Œì•¤ë¹„ | autumn groovy r&b",#ì•Œì•¤ë¹„ #í”Œë ˆì´ë¦¬ìŠ¤íŠ¸ #ê°€ì„
http://bugs.kr/!essential_favorite0111,https://img.youtube.com/vi/QJ_IByssFJw/maxresdefault.jpg,[Playlist] This is BLACKPINK ğŸ–¤ğŸ’— | ë¸”ë™í•‘í¬ ë…¸ë˜ ëª¨ìŒ | BLACKPINK essential;,#í”Œë ˆì´ë¦¬ìŠ¤íŠ¸ #bugs #BLACKPINK
http://bugs.kr/!yt32592,https://img.youtube.com/vi/QJ_IByssFJw/maxresdefault.jpg,[Playlist] This is BLACKPINK ğŸ–¤ğŸ’— | ë¸”ë™í•‘í¬ ë…¸ë˜ ëª¨ìŒ | BLACKPINK essential;,#í”Œë ˆì´ë¦¬ìŠ¤íŠ¸ #bugs #BLACKPINK
http://bugs.kr/!yt0110,https://img.youtube.com/vi/aZao_uWiFrA/maxresdefault.jpg,[Playlist] ğŸ˜ˆ í™ëŒ€ ì§€í•˜ì—ì„œ ë“¤ë ¤ì˜¤ëŠ” Hip groovy pop ğŸ˜ˆã…£Hip groovy pop from Hongdae Basement,#íŒì†¡ #í”Œë ˆì´ë¦¬ìŠ¤íŠ¸ #ìŒì•…
http://bugs.kr/!yt60456,https://img.youtube.com/vi/PHo4vhc3z8Q/maxresdefault.jpg,[Playlist] ë§ˆìŒì´ ì¶”ì›Œì§ˆ ë•Œ ì¦ˆìŒ | ëŠ¦ê°€ì„ì— ë“£ê¸° ì¢‹ì€ ì—¬ì„± ë³´ì»¬ ë°œë¼ë“œ | korean ballad songs,#í”Œë ˆì´ë¦¬ìŠ¤íŠ¸ #ë°œë¼ë“œ #ê°€ì„
http://bugs.kr/!yt0155,https://img.youtube.com/vi/LB3_RFHyKKY/maxresdefault.jpg,"[Playlist] ë¬´ê¸°ë ¥ì— ë¬¼ë“¤ê³  ì˜í˜¼ì´ ë¹„ì–´ê°ˆ ë•Œã…£Lethargy, Emptied Soul",#íŒì†¡ #í”Œë ˆì´ë¦¬ìŠ¤íŠ¸ #ìœ„ë¡œ
http://bugs.kr/!yt0111,https://img.youtube.com/vi/OEZc_c7A7Ko/maxresdefault.jpg,"[Playlist] ì•„, ì´ ë…¸ë˜ë“¤ì€ ì§„ì§œ ì•Œë ¤ì£¼ê¸° ì•„ê¹Œìš´ë°ã…£Oh, I really don't want to tell you these songs",#íŒì†¡ #í”Œë ˆì´ë¦¬ìŠ¤íŠ¸ #ìŒì•…
http://bugs.kr/!yt0250,https://img.youtube.com/vi/-_0Va73xDTM/maxresdefault.jpg,[Playlist] í•«í”Œì—ëŠ” í™í•œ ìŒì•…ì´ ìˆì§€ã…£ì„¸ìƒ í™í•œ í¸ì§‘ìˆì— íë¥´ëŠ” ì¿¨ ë°”ì´ë¸Œã…£it's lit! trendy store music ğŸ§ƒ,#íŒì†¡ #í”Œë ˆì´ë¦¬ìŠ¤íŠ¸ #ìŒì•…
http://bugs.kr/!yt0230,https://img.youtube.com/vi/ewDiZFmYMUQ/maxresdefault.jpg,"[Playlist] í™ìŠ¤í„°ì˜ ì„±ì§€, ë² ë¥¼ë¦° ë’·ê³¨ëª© ë°”ì´ë¸Œ ğŸ—‘ï¸ã…£ë“£ìë§ˆì ë¹ ì ¸ë“œëŠ” ê°ê°ì ì¸ ì™¸í™ã…£berlin hipster music",#íŒì†¡ #í”Œë ˆì´ë¦¬ìŠ¤íŠ¸ #í™í•©
http://bugs.kr/!yt0202,https://img.youtube.com/vi/VVc7X4lSO4w/maxresdefault.jpg,[Playlist] ì‚¬ì¥ë‹˜ ì§€ê¸ˆ ì´ ë…¸ë˜ ì œëª© ë­ì˜ˆìš”??ã…£ì„ ê³¡ ë§›ì§‘ ì¹´í˜ì—ì„œ ë“¤ë¦¬ëŠ” BGMã…£trendy coffee shop playlist ğŸ¥¨,#íŒì†¡ #í”Œë ˆì´ë¦¬ìŠ¤íŠ¸ #ì¹´í˜
http://bugs.kr/!yt0227,https://img.youtube.com/vi/b6PgeSnOLIQ/maxresdefault.jpg,"[Playlist] ì¨í•œ ì—¬ë¦„, ë£¨í”„íƒ‘ì—ì„œ ë‚®ë§¥í•˜ê¸° ì¢‹ì€ ëˆ„ë””ìŠ¤ì½” ğŸºâ˜€ï¸ã…£summer rooftop nu-disco party",#í”Œë ˆì´ë¦¬ìŠ¤íŠ¸ #ì—¬ë¦„ #ë£¨í”„íƒ‘
http://bugs.kr/!yt53216,https://img.youtube.com/vi/HjhXBdO9tgI/maxresdefault.jpg,[Playlist] ì€ì€í•˜ê²Œ ë¶ˆì–´ì˜¤ëŠ” ê½ƒë‚´ìŒ ğŸŒ¼ã…£ë¶„ìœ„ê¸°ì— ì·¨í•˜ê³  ìŒìƒ‰ì— ì¹˜ì´ëŠ” ì¹´í˜ ìŒì•…ã…£good afternoon cafe music ğŸŒ¼,#íŒì†¡ #í”Œë ˆì´ë¦¬ìŠ¤íŠ¸ #ì¹´í˜
http://bugs.kr/!yt0248,https://img.youtube.com/vi/eqlpmlo0O4g/maxresdefault.jpg,[Playlist] ì•Œì§€? ì¸ìƒì€ ë¡¤ëŸ¬ì½”ìŠ¤í„°ì•¼ ğŸ¢ã…£í˜ì°¬ í•˜ë£¨ë¥¼ ë§Œë“¤ì–´ ì¤„ ì‹ ë‚˜ëŠ” íŒë½ã…£life is a rollercoaster ğŸ¢,#ì‹ ë‚˜ëŠ” #íŒì†¡ #í”Œë ˆì´ë¦¬ìŠ¤íŠ¸
http://bugs.kr/!yt0255,https://img.youtube.com/vi/2-MzSaFSHGY/maxresdefault.jpg,[Playlist] ì¸íŠ¸ë¡œë¶€í„° ì†ì— ì¥ì–´ì§€ëŠ” í•©ê²© ëª©ê±¸ì´..ã…£ê¿€ë í•œ ë‚  ê¿€ë  ì•Œì•¤ë¹„ã…£groovy r&b for a foggy day,#ì•Œì•¤ë¹„ #ë„ì…ë¶€ #íŒì†¡
http://bugs.kr/!yt0056,https://img.youtube.com/vi/mvvO5f1oydM/maxresdefault.jpg,[Playlist] ê³ ë‹¹ê³ ë‹¹ê³ ë‹¹â™¬ã…£ê°€ë³ê²Œ ë“£ê¸°ì¢‹ì€ íŠ¸ë Œë”” íŒã…£Best Popular Songs Of 2020,#íŒì†¡ #í”Œë ˆì´ë¦¬ìŠ¤íŠ¸ #ê¸°ë¶„ì „í™˜
http://bugs.kr/!yt58152,https://img.youtube.com/vi/WJPRA3pXf6Y/maxresdefault.jpg,"[Playlist] 2023 ìƒë°˜ê¸° ì´ ì •ë„ë©´ ì˜í–ˆì–´ğŸ˜Šã…£2023 ìƒë°˜ê¸° ê²°ì‚° íŠ¹ì§‘, ë†“ì³ì„  ì•ˆë  íŒ 50ã…£50 best pop songs in first half of 2023ğŸ˜Š",#íŒì†¡ #í”Œë ˆì´ë¦¬ìŠ¤íŠ¸ #2023
http://bugs.kr/!yt0119,https://img.youtube.com/vi/HEXFE2ORD5E/maxresdefault.jpg,[Playlist] í† ìš”ì¼ ë°¤ì˜ ì¬ì¦ˆ ğŸ¥‚ã…£ì° ë¡œìš°íŒŒì´! Old Jazz Divasã…£Romantic Old Jazz,#íŒì†¡ #ì¬ì¦ˆ #í”Œë ˆì´ë¦¬ìŠ¤íŠ¸
http://bugs.kr/!yt0156,https://img.youtube.com/vi/ncOfAbfP-Vo/maxresdefault.jpg,[Playlist] âœ¨ ìœ íŠœë¸Œ íŠ¸ë Œë”© Top15 : 2020ë…„ 8ì›” âœ¨ã…£YouTube Trending Top 15 : August 2020,#íŒì†¡ #í”Œë ˆì´ë¦¬ìŠ¤íŠ¸ #ìœ íŠœë¸Œ
http://bugs.kr/!yt59505,https://img.youtube.com/vi/7Ru1saTPWSw/maxresdefault.jpg,[Playlist] á„€á…¡á„‹á…³á†¯ á„’á…£á†¼ á„€á…¡á„ƒá…³á†¨á„’á…¡á†« á„ƒá…¦á„‹á…µá†¯á„…á…µá„‘á…¡á†¸ | autumn daily pop,#íŒì†¡ #í”Œë ˆì´ë¦¬ìŠ¤íŠ¸ #ê°€ì„
http://bugs.kr/!yt0168,https://img.youtube.com/vi/FQpHzD06CzA/maxresdefault.jpg,"[Playlist] ë³´ëë¹› í•˜ëŠ˜ ì•„ë˜ì„œ, Sunset Drive Vol 2ã…£Purple Sky, Sunset Drive Vol 2",#íŒì†¡ #í”Œë ˆì´ë¦¬ìŠ¤íŠ¸ #ë…¸ì„
http://bugs.kr/!yt54990,https://img.youtube.com/vi/3YKJzZKyICE/maxresdefault.jpg,[Playlist] á„’á…µá†¸á„’á…¡á†¸á„‹á…³á†¯ á„’á…¡á„€á…© á„‰á…µá‡á„‹á…¥á†»á„‹á…¥á„‹á…­ | hiphop & rap mix,#ì™¸í™ #í”Œë ˆì´ë¦¬ìŠ¤íŠ¸ #ë¹„íŠ¸
http://bugs.kr/!yt0016,https://img.youtube.com/vi/0UKwpJUUDlM/maxresdefault.jpg,[Playlist] ë‹¹ì‹ ì„ ì¸ì‹¸ë¡œ ë§Œë“¤ì–´ ì¤„ ê°ê°ì ì¸ ê°€ì„ íŒì†¡,#íŒì†¡ #í”Œë ˆì´ë¦¬ìŠ¤íŠ¸ #ì¸ì‹¸
http://bugs.kr/!yt0050,https://img.youtube.com/vi/8PSYVi7Djr0/maxresdefault.jpg,[Playlist] í˜¼ì ë³´ë‚´ëŠ” ì¡°ìš©í•œ ì—°ë§ã…£ë¶„ìœ„ê¸°ì— ì·¨í•˜ëŠ” chill & groovy í”Œë ˆì´ë¦¬ìŠ¤íŠ¸ã…£Best Popular Songs Of 2019,#íŒì†¡ #í”Œë ˆì´ë¦¬ìŠ¤íŠ¸ #Chill
http://bugs.kr/!yt0045,https://img.youtube.com/vi/4pv-726Zi20/maxresdefault.jpg,[Playlist] ë¬´ë“œ ìˆëŠ” í™ˆíŒŒí‹°ë¥¼ ì›í•œë‹¤ë©´ã…£ì†Œì¤‘í•œ ì‚¬ëŒê³¼ ë³´ë‚´ëŠ” ë¶„ìœ„ê¸° ê°€ë“í•œ ì—°ë§ í”Œë ˆì´ë¦¬ìŠ¤íŠ¸ã…£the end of the year with you,#íŒì†¡ #í”Œë ˆì´ë¦¬ìŠ¤íŠ¸ #ìŒì•…
http://bugs.kr/!yt0033,https://img.youtube.com/vi/LvIgutXwTCI/maxresdefault.jpg,[Playlist] ì–´ë””ë¡œ íŠˆì§€ ëª¨ë¥´ëŠ” ë‚˜ì˜ ì¦ê±°ìš´ í‡´ê·¼ê¸¸!ã…£ì¸íŠ¸ë¡œë¶€í„° ë‘ë‘ ì¹« ë“œë¼ì´ë¸Œ íŒì†¡ã…£on my way home! can't stop the feeling,#ì‹ ë‚˜ëŠ” #íŒì†¡ #í”Œë ˆì´ë¦¬ìŠ¤íŠ¸
http://bugs.kr/!yt0177,https://img.youtube.com/vi/Dk4TXOo_PBI/maxresdefault.jpg,"[Playlist] ê·¸ë˜ ê¸°ì–µë‚˜, ê·¸ ê¸¸ì„ ìš°ë¦° ê·¸ë ‡ê²Œ ë‹¬ë ¸ì–´ğŸš²ã…£Remember our glorious time",#íŒì†¡ #í”Œë ˆì´ë¦¬ìŠ¤íŠ¸ #ìì „ê±°
http://bugs.kr/!yt0245,https://img.youtube.com/vi/GSZSOJdwSRE/maxresdefault.jpg,[Playlist] ë½€ì†¡ë½€ì†¡ ìŠµê¸° ì œê±° í”Œë¦¬ â˜ï¸ã…£êµ¬ë¦„ì´ ì˜ˆìœ ì—¬ë¦„ë‚  ë“£ëŠ” ë°ì¼ë¦¬íŒã…£such a lovely summer day â˜ï¸,#íŒì†¡ #í”Œë ˆì´ë¦¬ìŠ¤íŠ¸ #í­ì—¼
http://bugs.kr/!yt0241,https://img.youtube.com/vi/bmyeHpAcsXY/maxresdefault.jpg,[Playlist] ì—¬ë¦„ë¹„ì— í˜ë ¤ë³´ë‚´ê³  ì‹¶ì€ ê²ƒë“¤ã…£for a rainy summer day ğŸŒ§ï¸ğŸŒ‚,#íŒì†¡ #í”Œë ˆì´ë¦¬ìŠ¤íŠ¸ #ì—¬ë¦„
http://bugs.kr/!yt0058,https://img.youtube.com/vi/l-k2k2XQ8Ek/maxresdefault.jpg,[Playlist] ì–¸ì œë‚˜ HIP HOP Dayã…£ì¹´í˜ ê°ì„±ì˜ ê·¸ë£¨ë¸Œ í™í•©ã…£Best Popular Songs Of 2020,#íŒì†¡ #í”Œë ˆì´ë¦¬ìŠ¤íŠ¸ #í™í•©
http://bugs.kr/!yt0107,https://img.youtube.com/vi/_3PESH-A2EA/maxresdefault.jpg,[Playlist] ê·€ì— íŒíŒ ê½‚íˆëŠ” ë¦¬ë“¬ì´ ë•¡ê¸¸ ë•Œ!ã…£When you're craving the rhythm that sticks right into your ears!,#íŒì†¡ #í”Œë ˆì´ë¦¬ìŠ¤íŠ¸ #ê¸°ë¶„ì „í™˜
http://bugs.kr/!samsung_insta,https://img.youtube.com/vi/QCPO7m23_bM/maxresdefault.jpg,[Playlist] ìŒ€ìŒ€í•œ ë‚ ì—” í™ˆì¹´í˜ ì˜¤í”ˆ â˜•ï¸ | ì§‘ ì•ˆì„ ì±„ìš°ëŠ” í¬ê·¼í•œ ê°ì„± BGM with ì‚¼ì„±TV | soft & cozy pop,#íŒì†¡ #ì‚¼ì„±TV #í”Œë ˆì´ë¦¬ìŠ¤íŠ¸
http://bugs.kr/!yt0258,https://img.youtube.com/vi/6qZkg4cpezc/maxresdefault.jpg,[Playlist] ë¸Œì´ë¡œê·¸ ì¸íŠ¸ë¡œ í¸ì§‘ì¤‘ã…£ì£¼ë§ ì˜¤í›„ ë”°ìŠ¤í•œ í–‡ë³• ì•„ë˜ã…£saturday afternoon vlog lofi ğŸ¥£,#íŒì†¡ #í”Œë ˆì´ë¦¬ìŠ¤íŠ¸ #ë¸Œì´ë¡œê·¸
http://bugs.kr/!yt0113,https://img.youtube.com/vi/NQC_IqQT1SE/maxresdefault.jpg,[Playlist] ì˜¥ìƒì´ í”¼í¬ë‹‰ ì¥ì†Œê°€ ë˜ëŠ” ì‚°ëœ» playlistã…£rooftop picnic vibe,#íŒì†¡ #í”Œë ˆì´ë¦¬ìŠ¤íŠ¸ #ë‚˜ë“¤ì´
http://bugs.kr/!yt0176,https://img.youtube.com/vi/TDTB0lG6Hhs/maxresdefault.jpg,[Playlist] ëŠê¸‹í•˜ê²Œ ì¦ê¸°ê³  ì‹¶ì€ ê·¸ë£¨ë¹„ BGM ğŸ· | Relaxing & groovy autumn vibes ğŸ·,#íŒì†¡ #í”Œë ˆì´ë¦¬ìŠ¤íŠ¸ #ê°€ì„
http://bugs.kr/!yt57461,https://img.youtube.com/vi/jBufpcb95p8/maxresdefault.jpg,[Playlist] ë³µì¡í•œ ë¨¸ë¦¿ì†ì„ ì •ë¦¬í•´ë³¼ê¹Œ? | ì•„ë¬´ ìƒê° ì—†ì´ ì‰¬ë©´ì„œ ë“£ëŠ” íŒì†¡ | weekend vibes pop songs,#íŒì†¡ #í”Œë ˆì´ë¦¬ìŠ¤íŠ¸ #ê¸°ë¶„ì „í™˜
http://bugs.kr/!yt0145,https://img.youtube.com/vi/yvvKr7QqdGs/maxresdefault.jpg,"[Playlist] ë£¨í”„íƒ‘ ì•„ë˜, ì–´ê¹¨ê°€ ë“¤ì©ì´ëŠ” Funky House ğŸ‹ğŸºã…£Funky Rooftop House ğŸ‹ğŸº",#í’€íŒŒí‹° #íŒì†¡ #í”Œë ˆì´ë¦¬ìŠ¤íŠ¸
http://bugs.kr/!yt0189,https://img.youtube.com/vi/yrU3ac44mWQ/maxresdefault.jpg,[Playlist] ë”°ëœ»í•œ í¬ë¦¬ìŠ¤ë§ˆìŠ¤ ëƒ„ìƒˆê°€ ë‚˜ì£ ? â˜•ğŸ„ | ë¶„ìœ„ê¸° ì¢‹ì€ ì—°ë§ì˜ ì¬ì¦ˆ ì¹´í˜ í”Œë ˆì´ë¦¬ìŠ¤íŠ¸ | Best Christmas Jazz Cafe Music,#ì¬ì¦ˆ #í”Œë ˆì´ë¦¬ìŠ¤íŠ¸ #í¬ë¦¬ìŠ¤ë§ˆìŠ¤
http://bugs.kr/!yt0100,https://img.youtube.com/vi/K2NdoVeM4IQ/maxresdefault.jpg,[Playlist] ë´„ì— ë§ˆì‹œëŠ” ë‚®ìˆ ì€ ì´ëŸ° ëŠë‚Œ ì¼ê±°ì•¼ã…£Daytime Drinking in Spring,#íŒì†¡ #í”Œë ˆì´ë¦¬ìŠ¤íŠ¸ #ë‚®ìˆ 
http://bugs.kr/!yt52780,https://img.youtube.com/vi/37Mmd4rUwGk/maxresdefault.jpg,[Playlist] ë—ìë¦¬ í´ê³  ë’¹êµ´ê±°ë¦¬ê¸° ğŸŒ»ã…£ë‚˜ë„ ëª¨ë¥´ê²Œ ë‘ë‘ ì¹« í•˜ëŠ” ê¸°ë¶„ì „í™˜ ë°ì¼ë¦¬ íŒã…£sunny afternoon daily pop ğŸŒ»,#íŒì†¡ #í”Œë ˆì´ë¦¬ìŠ¤íŠ¸ #ê¸°ë¶„ì „í™˜
http://bugs.kr/!yt65449,https://img.youtube.com/vi/UVXC7Og-Xr4/maxresdefault.jpg,[Playlist] ìš°ë¦¬ì˜ í”¼í¬ë‹‰ì€ ì´ëŸ° ëŠë‚Œì¼ ê±°ì•¼ | early summer picnicğŸŒ³,#í”Œë ˆì´ë¦¬ìŠ¤íŠ¸ #ê°€ìš” #ê¸°ë¶„ì „í™˜
http://bugs.kr/!yt0077,https://img.youtube.com/vi/bCGqacEOH9Y/maxresdefault.jpg,[Playlist] ì ë“  ì•„ì¹¨ì„ ê¹¨ìš°ëŠ” ê·¸ë£¨ë¹„í•œ ëª¨ë‹ ì½œ!ã…£Best Popular Songs Of 2020,#íŒì†¡ #í”Œë ˆì´ë¦¬ìŠ¤íŠ¸ #ìŒì•…
http://bugs.kr/!yt56803,https://img.youtube.com/vi/PrqwxkBB0DA/maxresdefault.jpg,[Playlist] ë§¤ì¼ì´ ì£¼ë§ì´ë¼ë©´ ì¢‹ê² ì–´ | í¬ê·¼í¬ê·¼ ì´ë¶ˆ ì†ì—ì„œ ë“£ëŠ” ê°ì„± íŒ | warm & cozy pop songs,#íŒì†¡ #í”Œë ˆì´ë¦¬ìŠ¤íŠ¸ #ìŒì•…
http://bugs.kr/!yt0010,https://img.youtube.com/vi/BBsOatw_qgo/maxresdefault.jpg,[Playlist] ë‹¹ì‹ ì´ ì°¾ë˜ ì—¬ë¦„ì—¬ë¦„í•œ ë“œë¼ì´ë¸Œ íŒì†¡! ì„¸ë ¨ë˜ê³  íŠ¸ë Œë””í•œ íŒì†¡ ëª¨ìŒ,#ì‹ ë‚˜ëŠ” #íŒì†¡ #í”Œë ˆì´ë¦¬ìŠ¤íŠ¸
http://bugs.kr/!yt0101,https://img.youtube.com/vi/d9EdCgS1X_c/maxresdefault.jpg,[Playlist] ì•„ì¹¨ì„ ê¹¨ìš°ëŠ” ì‚°ëœ»í•œ ë´„ë‚ ì˜ Lo-Fiã…£Lo-Fi on a fresh spring day,#íŒì†¡ #ë¡œíŒŒì´ #í”Œë ˆì´ë¦¬ìŠ¤íŠ¸
http://bugs.kr/!yt0054,https://img.youtube.com/vi/m6sDakyUClY/maxresdefault.jpg,[Playlist] ì˜¤ëŠ˜ë„ ì•„ë¥¸ê±°ë¦¬ëŠ” ê·¸ëŒ€ã…£ê°¬ì„± ë¹ˆí‹°ì§€ í”Œë ˆì´ë¦¬ìŠ¤íŠ¸ã…£Best Popular Songs Of 2020,#íŒì†¡ #í”Œë ˆì´ë¦¬ìŠ¤íŠ¸ #ë¹ˆí‹°ì§€
http://bugs.kr/!yt0172,https://img.youtube.com/vi/obkZl2mYnpI/maxresdefault.jpg,[Playlist] ê°€ì„ì— ë“¤ì„ ìˆ˜ ìˆëŠ” ëª½ê¸€ëª½ê¸€ Playlist #3 l Playlist for Autumn,#íŒì†¡ #ì¸ë”” #í”Œë ˆì´ë¦¬ìŠ¤íŠ¸
http://bugs.kr/!yt0131,https://img.youtube.com/vi/mI6ZOCbCOUE/maxresdefault.jpg,[Playlist] ë“£ìë§ˆì 66ë²ˆêµ­ë„ì—ì„œ ë“œë¼ì´ë¸Œ!ã…£Driving Route 66,#íŒì†¡ #í”Œë ˆì´ë¦¬ìŠ¤íŠ¸ #ë“œë¼ì´ë¸Œ
http://bugs.kr/!yt0089,https://img.youtube.com/vi/bw9wblTJWh8/maxresdefault.jpg,"[Playlist] ì¼ìƒì— í™œë ¥ì„ ì•ˆê²¨ì¤„ ê²½ì¾Œí•œ ì¬ì¦ˆì—°ì£¼ê³¡ã…£Spring Jazz For Work, Study",#íŒì†¡ #ì¬ì¦ˆ #í”Œë ˆì´ë¦¬ìŠ¤íŠ¸
http://bugs.kr/!yt0074,https://img.youtube.com/vi/zZ0npMhatV8/maxresdefault.jpg,"[Playlist] 1990, MTV, í•˜ì´í‹´, ìŠ¤ì¼€ì´íŠ¸ ë³´ë“œã…£ì—‰ë§ì§„ì°½ ë˜ê³ í”ˆ ì‹ ë‚˜ëŠ” íŒ-í‘í¬!ã…£Do you miss being a Teenager?",#íŒì†¡ #í”Œë ˆì´ë¦¬ìŠ¤íŠ¸ #1990s
http://bugs.kr/!yt0055,https://img.youtube.com/vi/yVqXMvohWek/maxresdefault.jpg,[Playlist] ì–¼ì–´ ì£½ì–´ë„ íŠ¸ë¡œí”¼ì»¬!ã…£ì‹œì›í•˜ê³  ìƒí¼í•œ ì´ëƒ‰ì¹˜ëƒ‰ í”Œë ˆì´ë¦¬ìŠ¤íŠ¸ã…£Best Popular Songs Of 2020,#íŒì†¡ #í”Œë ˆì´ë¦¬ìŠ¤íŠ¸ #ìŒì•…
http://bugs.kr/!yt55340,https://img.youtube.com/vi/VNtKdI14eeM/maxresdefault.jpg,"[Playlist] íšŒìƒ‰ë¹›ìœ¼ë¡œ ë¬¼ë“  ë§ˆìŒ | íë¦° ë‚ , ê°ì„±ì„ ì´‰ì´‰í•˜ê²Œ ì ì‹œëŠ” ì—°ì£¼ê³¡ | classical music for rainy days",#í”Œë ˆì´ë¦¬ìŠ¤íŠ¸ #ë¹„ì˜¤ëŠ”ë‚  #ìŒì•…
http://bugs.kr/!yt0001,https://img.youtube.com/vi/saUM795MY2Y/maxresdefault.jpg,[Playlist] í™ìŠ¤í„° ì·¨ì €! í•´ë°©ì´Œ íì„ ì±„ì›Œì¤„ ëŠë‚ŒìˆëŠ” íŒì†¡ ëª¨ìŒ,#í•´ë°©ì´Œ #í”Œë ˆì´ë¦¬ìŠ¤íŠ¸ #ë£¨í”„íƒ‘
http://bugs.kr/!yt0153,https://img.youtube.com/vi/4BMZRqlCzZs/maxresdefault.jpg,[Playlist] ë‚˜ì˜ PLAYLISTëŠ” ìƒˆë²½ 2ì‹œë¶€í„°ã…£AM 2:00 Mood,#íŒì†¡ #í”Œë ˆì´ë¦¬ìŠ¤íŠ¸ #ìƒˆë²½
http://bugs.kr/!yt0032,https://img.youtube.com/vi/Tc0Z6A7xl7Y/maxresdefault.jpg,[Playlist] í•˜ë£¨ë¥¼ ëë‚´ê³  ë”°ëœ»í•œ ìš•ì¡° ì†ìœ¼ë¡œã…£ë”°ìŠ¤í•˜ê³  ê·¸ë£¨ë¸Œí•œ ë©œë¡œìš° R&B í”Œë ˆì´ë¦¬ìŠ¤íŠ¸ã…£mellow music for a smooth bath time,#ì•Œì•¤ë¹„ #íŒì†¡ #í”Œë ˆì´ë¦¬ìŠ¤íŠ¸
http://bugs.kr/!yt0037,https://img.youtube.com/vi/2uPlFwI6318/maxresdefault.jpg,"[Playlist] ì‚°ëœ»í•˜ê²Œ ì‹œì‘í•˜ëŠ” í–‰ë³µí•œ í•˜ë£¨ã…£ëŠë‚Œ ìˆëŠ” íì—ì„œ í˜ëŸ¬ë‚˜ì˜¤ëŠ” íŠ¸ë Œë”” íŒ í”Œë ˆì´ë¦¬ìŠ¤íŠ¸ã…£hello, sunshine! trendy daily pop",#íŒì†¡ #í”Œë ˆì´ë¦¬ìŠ¤íŠ¸ #ìŒì•…
http://bugs.kr/!yt0236,https://img.youtube.com/vi/koy-urF15Vo/maxresdefault.jpg,[Playlist] ìƒ¤ì›Œ í›„ ë§ë‘ë§ë‘í•œ ê¸°ë¶„ìœ¼ë¡œ ë“¤ì–´ë´ìš”ã…£ë‹¬ë‹¬í•œ ë°°ì“°ë°¤ ê°™ì€ ì†Œí”„íŠ¸ ì•Œì•¤ë¹„ã…£sweet bath time soft R&B ğŸ§¼,#ì•Œì•¤ë¹„ #íŒì†¡ #ìƒ¤ì›Œ
http://bugs.kr/!yt56323,https://img.youtube.com/vi/fXzdqZA-KxY/maxresdefault.jpg,[Playlist] ì§œë¦¿í•œ ê¸°ë¶„ì„ ì„ ì‚¬í•˜ëŠ” ë„íŒŒë¯¼ ì¶©ì „ íŒ | ê·€ì— ì™ì™! ìºì¹˜í•œ ë©œë¡œë””ì˜ íŠ¸ë Œë”” BGM | groove & trendy pop,#íŒì†¡ #í”Œë ˆì´ë¦¬ìŠ¤íŠ¸ #ê¸°ë¶„ì „í™˜
http://bugs.kr/!yt0091,https://img.youtube.com/vi/rUht712t7OI/maxresdefault.jpg,[Playlist] êµ¬ë¦„ì²˜ëŸ¼ í­ì‹ í•œ Sweet Melodyã…£Best Popular Songs Of 2020,#íŒì†¡ #ë©œë¡œìš° #í”Œë ˆì´ë¦¬ìŠ¤íŠ¸
http://bugs.kr/!yt0023,https://img.youtube.com/vi/hUkHbhRKQMU/maxresdefault.jpg,[Playlist] ê°€ì„ê³¼ ê²¨ìš¸ ì‚¬ì´ã…£ê°ì„±ì ì´ë©° íŠ¸ë Œë””í•œ í”Œë ˆì´ë¦¬ìŠ¤íŠ¸ã…£the days between fall and winter,#íŒì†¡ #í”Œë ˆì´ë¦¬ìŠ¤íŠ¸ #ìŒì•…
http://bugs.kr/!yt0184,https://img.youtube.com/vi/r-hnJtdBes4/maxresdefault.jpg,"[Playlist] ì‹œì›í•œ ê³µê¸°, í›„ë“œì§‘ì—…ê³¼ ì´ì–´í°ë§Œ ìˆìœ¼ë©´ ë¼ğŸ§ã…£All you need is a hoodie zip-up and earphonesğŸ§",#íŒì†¡ #í”Œë ˆì´ë¦¬ìŠ¤íŠ¸ #ê°€ì„
http://bugs.kr/!yt0252,https://img.youtube.com/vi/fKdA9x0ea_I/maxresdefault.jpg,[Playlist] íë¥´ëŠ” ì‹œê°„ì˜ í‹ˆ ì‚¬ì´ì—ì„œã…£ì„¸ëŒ€ë¥¼ ê´€í†µí•˜ëŠ” ë¶ˆë©¸ì˜ íŒ ëª…ê³¡ã…£autumn breeze oldies forever ğŸ‚,#íŒì†¡ #ì¶”ì„íŠ¹ì§‘ #ì˜¬ë“œíŒ
http://bugs.kr/!yt0029,https://img.youtube.com/vi/nAe8fEq7PiY/maxresdefault.jpg,[Playlist] ê¸°ë¶„ì´ ì¢‹ì•„ì§€ëŠ” ì°¨ë¶„í•˜ê³  ìƒí¼í•œ ë ˆëª¨ë„¤ì´ë“œ íŒì†¡ã…£ê²½ì¾Œí•œ ê¸°ë¶„ì „í™˜ í”Œë ˆì´ë¦¬ìŠ¤íŠ¸ã…£refresh lemonade pop !,#íŒì†¡ #í”Œë ˆì´ë¦¬ìŠ¤íŠ¸ #ë“œë¼ì´ë¸Œ
http://bugs.kr/!yt0239,https://img.youtube.com/vi/cyF9W8ZjbR0/maxresdefault.jpg,[Playlist] ì‹œì›í•œ ë¬¼ì†ìœ¼ë¡œ í’ë© ğŸ¥½ã…£ë¬´ë”ìš´ ì—¬ë¦„ ê°ê°ì ì¸ ëŒ„ì„œë¸” ë…¸ë™ìš”ã…£make me feel so cool ğŸ¥½,#ë…¸ë™ìš” #íŒì†¡ #í”Œë ˆì´ë¦¬ìŠ¤íŠ¸
http://bugs.kr/!yt0197,https://img.youtube.com/vi/Mch0tvbuRFQ/maxresdefault.jpg,[Playlist] ë‹µë‹µí•œ ì¼ìƒì— í•´í”¼ ë°”ì´ëŸ¬ìŠ¤ê°€ íŒ¡! íŒ¡! âœ¨ã…£ë°˜ì§ê±°ë¦¬ëŠ” ì—°ë§ ë²ˆí™”ê°€ì—ì„œ ë“¤ë¦´ë²•í•œ Trendy Popã…£Best Retro/Electro Pop 2020 âœ¨,#íŒì†¡ #í”Œë ˆì´ë¦¬ìŠ¤íŠ¸ #ê¸°ë¶„ì „í™˜
http://bugs.kr/!yt62955,https://img.youtube.com/vi/gE7VS41q0ZE/maxresdefault.jpg,[Playlist] ìˆ¨ê²¨ì§„ ë‹¤í¬í•¨ì„ ê¹¨ìš°ê³  ì‹¶ì„ ë•Œ | ì¹˜ëª…ì ì´ê³  ë‹¤í¬í•œ íŒì†¡ | dark & chic pop mix ğŸ‘¿,#íŒì†¡ #í”Œë ˆì´ë¦¬ìŠ¤íŠ¸ #ìŒì•…
http://bugs.kr/!yt52704,https://img.youtube.com/vi/G8-asmfNEfg/maxresdefault.jpg,[Playlist] ë”°ì‚¬ë¡œìš´ ì–´ëŠ ë´„ë‚ ã…£í‘¸ë¦‡í‘¸ë¦‡ ì‹±ê·¸ëŸ¬ìš´ ë°”ì§ˆí–¥ì´ ëŠê»´ì§€ëŠ”ã…£spring basil aromatic pop ğŸŒ¿,#íŒì†¡ #í”Œë ˆì´ë¦¬ìŠ¤íŠ¸ #ì¼ìƒ
http://bugs.kr/!yt0243,https://img.youtube.com/vi/7-m-oA5TZxk/maxresdefault.jpg,[Playlist] í˜¸ìº‰ìŠ¤ì— ë”± ğŸ¹ã…£íœ´ì–‘ì§€ ì¹´í˜ì—ì„œ í˜ëŸ¬ë‚˜ì˜¤ëŠ” ì¸ë¨¸ ë³´ì‚¬ë…¸ë°”ã…£summer bossa nova lounge music,#ë³´ì‚¬ë…¸ë°” #í”Œë ˆì´ë¦¬ìŠ¤íŠ¸ #í˜¸ìº‰ìŠ¤
http://bugs.kr/!yt0160,https://img.youtube.com/vi/4rCMoRQi2Ms/maxresdefault.jpg,[Playlist] ì—¬ë¦„ë‚  ê¸°ë¶„ ì „í™˜ì´ í•„ìš”í•  ë•Œ ì´ëŸ° ìŒì•… vol. 3ã…£Summer refresh vol. 3,#íŒì†¡ #í”Œë ˆì´ë¦¬ìŠ¤íŠ¸ #ê¸°ë¶„ì „í™˜
http://bugs.kr/!yt0039,https://img.youtube.com/vi/fOW7NfjsP54/maxresdefault.jpg,[Playlist] ê°“ ë‚´ë¦° ì»¤í”¼ë¥¼ ë‹®ì€ ë”°ìŠ¤í•œ ìŒì•… í•œ ì”ã…£ì¶”ìœ„ë¥¼ ë…¹ì—¬ì£¼ëŠ” ë”°ëœ»í•œ ì¹´í˜ í”Œë ˆì´ë¦¬ìŠ¤íŠ¸ã…£cafe pop songs with a hot americano,#íŒì†¡ #í”Œë ˆì´ë¦¬ìŠ¤íŠ¸ #ë”°ëœ»í•œ
http://bugs.kr/!yt0188,https://img.youtube.com/vi/Y-qkVrKVU-4/maxresdefault.jpg,"[Playlist] ëˆˆ ì˜¤ëŠ” ë‚ , ë§ˆìŒì„ ë…¹ì—¬ì¤„ Cozy Beats â›„ã…£snowfall chillax & cozy beats | lofi/jazzhop/chillhop â„ï¸",#ë¡œíŒŒì´ #í”Œë ˆì´ë¦¬ìŠ¤íŠ¸ #ìŒì•…
http://bugs.kr/!yt0048,https://img.youtube.com/vi/xbZSKi7-YFc/maxresdefault.jpg,"[Playlist] ì˜¤í›„ 4ì‹œì˜ í•œì í•œ ZARA, H&M ã…£SPA ë¸Œëœë“œ ê°ì„±ì˜ ì„¸ë ¨ëœ ì¼ë ‰íŒ í”Œë ˆì´ë¦¬ìŠ¤íŠ¸ ã…£Best Electro Pop Of 2019",#íŒì†¡ #í”Œë ˆì´ë¦¬ìŠ¤íŠ¸ #ê¸°ë¶„ì „í™˜
http://bugs.kr/!yt0165,https://img.youtube.com/vi/OfUrHJ2ooug/maxresdefault.jpg,[Playlist] ë§ˆìŒì´ ë³´ë“¤ë³´ë“¤í•´ì§€ëŠ” ì„¼ì¹˜ ê·¸ë£¨ë¸ŒíŒã…£Soft-hearted sentimental groove Pop,#íŒì†¡ #í”Œë ˆì´ë¦¬ìŠ¤íŠ¸ #ê°€ì„
http://bugs.kr/!yt0079,https://img.youtube.com/vi/arQ13uAvnrM/maxresdefault.jpg,[Playlist] ë„ì…ë¶€ì—ì„œ ê²Œì„ ì˜¤ë°”.. ë¹„íŠ¸ê°ìˆëŠ” ê·¸ë£¨ë¸Œ íŒ! ã…£Best Popular Songs Of 2020,#íŒì†¡ #í”Œë ˆì´ë¦¬ìŠ¤íŠ¸ #ìŒì•…
http://bugs.kr/!yt43921,https://img.youtube.com/vi/HmM-sN7HadA/maxresdefault.jpg,[Playlist] í¬ê·¼í•œ ë‚˜ë§Œì˜ í¬ë¦¬ìŠ¤ë§ˆìŠ¤ | í•«ì´ˆì½” ë§ˆì‹œë©° ë“£ëŠ” ë”°ìŠ¤í•œ ë¬´ë“œì˜ ìºë¡¤ íŒ | waiting for white christmasğŸ¤,#ìºë¡¤ #íŒì†¡ #í”Œë ˆì´ë¦¬ìŠ¤íŠ¸
http://bugs.kr/!yt0237,https://img.youtube.com/vi/46-vh5LIoDM/maxresdefault.jpg,[Playlist] ì´ê±´ ì´ˆì—¬ë¦„ ì•„ì¹¨ ë°”ì´ë¸Œ ğŸƒã…£ì‹œì›í•œ í•˜ë£¨ë¥¼ ë§Œë“¤ì–´ ì¤„ ì¸ë¨¸ ë°ì¼ë¦¬íŒã…£happy summer day pop ğŸƒ,#íŒì†¡ #í”Œë ˆì´ë¦¬ìŠ¤íŠ¸ #ê¸°ë¶„ì „í™˜
http://bugs.kr/!yt0044,https://img.youtube.com/vi/Mc0-EzZAd2I/maxresdefault.jpg,"[Playlist] ìˆ˜ì˜ ëª»í•˜ë©´ ëŒì•„ê°€ì£¼ì‹œì£ ,, ë“£ëŠ” ìˆœê°„ ë¹ ì ¸ë“¤í…Œë‹ˆê¹!ã…£ìŠ¤íƒ€ì¼ë¦¬ì‰¬í•œ ëŠë‚Œì˜ ë§¤ë ¥ë§Œì  ì¼ë ‰íŒ ã…£stylish electro pop songs",#íŒì†¡ #í”Œë ˆì´ë¦¬ìŠ¤íŠ¸ #ê¸°ë¶„ì „í™˜
http://bugs.kr/!yt0041,https://img.youtube.com/vi/U-anO4tvek8/maxresdefault.jpg,[Playlist] ë’¹êµ´ë’¹êµ´~ ê°„ë§Œì— ëŠë¼ëŠ” ì§€ëŒ€ë£¨ ëœ ì£¼ë§!ã…£ì—¬ìœ ë¡œìš´ ì£¼ë§ì— ì¦ê¸°ëŠ” ìŠ¤ìœ— íŒ í”Œë ˆì´ë¦¬ìŠ¤íŠ¸ã…£what are you up to this weekend?,#íŒì†¡ #í”Œë ˆì´ë¦¬ìŠ¤íŠ¸ #ìŒì•…
http://bugs.kr/!yt53903,https://img.youtube.com/vi/Q4cGsnIl0sQ/maxresdefault.jpg,[Playlist] ë¹„ê°€ ë‚´ë ¤ë„ ë§ˆìŒì€ ë½€ì†¡í•˜ê²Œ â˜ï¸ | ì€ì€í•˜ê²Œ ê¸°ë¶„ì´ ì¢‹ì•„ì§€ëŠ” ë°ì¼ë¦¬íŒ | happy morning pop songs â˜ï¸,#íŒì†¡ #í”Œë ˆì´ë¦¬ìŠ¤íŠ¸ #ê¸°ë¶„ì „í™˜
http://bugs.kr/!yt0062,https://img.youtube.com/vi/vJLak7dishs/maxresdefault.jpg,[Playlist] ë´„ë‚ ì˜ ìƒí¼í•œ ë¬´ë“œ! ì¼ë ‰íŠ¸ë¡œ ìŠ¤ìœ™ ğŸŒ¼ã…£Best Popular Songs Of 2020,#íŒì†¡ #í”Œë ˆì´ë¦¬ìŠ¤íŠ¸ #ìŒì•…
http://bugs.kr/!yt0232,https://img.youtube.com/vi/_nsARU42xtA/maxresdefault.jpg,[Playlist] ìš°ë¦¬ì˜ ì²­ì¶˜ì€ ì‹œì›í•œ ë°”ëŒì„ íƒ€ê³ ã…£ì¸í„°ë¼ì¼„ì˜ ê´‘í™œí•œ ìì—° ì†ìœ¼ë¡œã…£close your eyes and turn your face into the wind ğŸŒ²,#íŒì†¡ #í”Œë ˆì´ë¦¬ìŠ¤íŠ¸ #ëœì„ ì—¬í–‰
http://bugs.kr/!yt58201,https://img.youtube.com/vi/_sTyHPFvGa8/maxresdefault.jpg,[Playlist] ëœ¨ê±°ìš´ íƒœì–‘ ì•„ë˜ ìƒì¾Œí•œ ë°”ëŒì´ ìŠ¤ì¹  ë•Œ | summer fresh pop,#íŒì†¡ #í”Œë ˆì´ë¦¬ìŠ¤íŠ¸ #ê¸°ë¶„ì „í™˜
http://bugs.kr/!yt0244,https://img.youtube.com/vi/Brx9v70_n2A/maxresdefault.jpg,[Playlist] ì•„ì¹¨ ê³µê¸° ìƒì¾Œí•˜ê²Œ â˜€ï¸ã…£ëª¸ì¹˜ë„ ê·¸ë£¨ë¸Œ íƒ€ê²Œ ë§Œë“œëŠ” Cool Vibeã…£good morning summer â˜€ï¸,#ì‹ ë‚˜ëŠ” #íŒì†¡ #í”Œë ˆì´ë¦¬ìŠ¤íŠ¸
http://bugs.kr/!yt0057,https://img.youtube.com/vi/VCGConkZjyU/maxresdefault.jpg,[Playlist] FLEXí•˜ê³ í”ˆ ì´ ê¸°ë¶„!ã…£ë¦¬ë“¬íƒ€ê¸° ì¢‹ì€ ì‹œì›ì‹œì›í•œ ê·¸ë£¨ë¸Œ íŒã…£Best Popular Songs Of 2020,#íŒì†¡ #í”Œë ˆì´ë¦¬ìŠ¤íŠ¸ #ìŒì•…
http://bugs.kr/!yt0151,https://img.youtube.com/vi/H4wGY5bZnF4/maxresdefault.jpg,[Playlist] ëšì„¬ìœ ì›ì§€ì—­ í•œê°•ë³€ì„ ì§€ë‚˜ë©° Chill Outã…£Chill out in Han River,#íŒì†¡ #í”Œë ˆì´ë¦¬ìŠ¤íŠ¸ #Chillax
http://bugs.kr/!yt0164,https://img.youtube.com/vi/fodbvMnx0xw/maxresdefault.jpg,[Playlist] ë„ˆì™€ ë‚˜ë€íˆ ê±·ë‹¤ê°€ ì—´ëŒ€ì•¼ë¥¼ ìŠê³¤ í–ˆì§€ã…£Forget the tropical nights,#êµ­ë‚´í™í•© #í”Œë ˆì´ë¦¬ìŠ¤íŠ¸ #ê¸°ë¶„ì „í™˜
http://bugs.kr/!yt0269,https://img.youtube.com/vi/gK_cqq7akP4/maxresdefault.jpg,"[Playlist] ì—£í—´ ë‚´ê°€ ì´ êµ¬ì—­ì˜ ì²«ê³¡ ì¥ì¸ã…£2021 ê²°ì‚° íŠ¹ì§‘, ì—ì„¼ì…œ ì²« ê³¡ ëª¨ìŒ 50ì„ ã…£50 essential; first songs of 2021 ğŸ’¿",#íŒì†¡ #í”Œë ˆì´ë¦¬ìŠ¤íŠ¸ #2021
http://bugs.kr/!yt0140,https://img.youtube.com/vi/3f02sGMwh9M/maxresdefault.jpg,"[Playlist] ì„ ì„ í•œ ë°¤ì— ë“£ëŠ” ë¡œë§¨í‹± ì˜¬ë“œ ì†Œìš¸ ğŸ’™ã…£ ë¶€ë“œëŸ½ê²Œ ì˜í˜¼ì„ ìš¸ë¦¬ëŠ” ì†Œìš¸, Smooth Soulã…£Smooth Soul Essentials",#íŒì†¡ #í”Œë ˆì´ë¦¬ìŠ¤íŠ¸ #ìŒì•…
http://bugs.kr/!yt0206,https://img.youtube.com/vi/_QYoFw7rii8/maxresdefault.jpg,[Playlist] ì–¼ì–´ë¶™ì€ ë°¤ì„ ëœ¨ê²ê²Œ ë‹¬ê¶ˆì¤„ã…£Sexy & Groovy ì¹¨ëŒ€ì†¡ í”Œë ˆì´ë¦¬ìŠ¤íŠ¸ã…£sensual songs for lovers ğŸ’•,#íŒì†¡ #í”Œë ˆì´ë¦¬ìŠ¤íŠ¸ #ìŒì•…
http://bugs.kr/!yt57649,https://img.youtube.com/vi/isTo5kISXMg/maxresdefault.jpg,"[Playlist] ì—¬ë¦„ ë°¤, í™í•˜ê³  ë”¥í•˜ê²Œ | summer night chill r&b",#ì•Œì•¤ë¹„ #íŒì†¡ #í”Œë ˆì´ë¦¬ìŠ¤íŠ¸
http://bugs.kr/!yt0043,https://img.youtube.com/vi/iuw7gVeChRU/maxresdefault.jpg,[Playlist] ê²¨ìš¸ë¹„ê°€ ìœ ë… ì‚¬ë‘ìŠ¤ëŸ° ì˜¤ëŠ˜ã…£ê²¨ìš¸ë°¤ ë¶„ìœ„ê¸°ì˜ íŒ í”Œë ˆì´ë¦¬ìŠ¤íŠ¸ã…£cold winter night with sentimental pop songs,#íŒì†¡ #í”Œë ˆì´ë¦¬ìŠ¤íŠ¸ #ìŒì•…
http://bugs.kr/!yt0085,https://img.youtube.com/vi/BqF1ototqMM/maxresdefault.jpg,"[Playlist] í¬ê·¼í•œ ë´„ë§ì´, ë‹¬ì½¤í•œ í”„ë Œì¹˜ íŒã…£Best Popular Songs Of 2020",#íŒì†¡ #í”Œë ˆì´ë¦¬ìŠ¤íŠ¸ #ë´„
http://bugs.kr/!yt0191,https://img.youtube.com/vi/g7c0W-8rNmw/maxresdefault.jpg,"[Playlist] ì•„ë‹ˆ, ì´ëŸ° ë…¸ë˜ëŠ” ì–´ë–»ê²Œ ì•„ëŠ”ê±°ì•¼?? ë„ˆë¬´ ì¢‹ìë‚˜... | ë…¸ë˜ ì¢€ ë“£ëŠ” ì•  í”Œë ˆì´ë¦¬ìŠ¤íŠ¸ğŸ˜ã…£She has good taste in musicğŸ˜",#íŒì†¡ #í”Œë ˆì´ë¦¬ìŠ¤íŠ¸ #ìŒì•…
http://bugs.kr/!yt63800,https://img.youtube.com/vi/7ijwiqxvKVc/maxresdefault.jpg,[Playlist] ë´„ì´ ì™”ë‚˜ ë´„ ğŸŒ· | ë´„ì— ë“£ê¸° ì¢‹ì€ ì‚°ëœ»í•œ íŒì†¡ | 4 hours spring mood pop,#íŒì†¡ #í”Œë ˆì´ë¦¬ìŠ¤íŠ¸ #ë°ì¼ë¦¬íŒ
http://bugs.kr/!yt0260,https://img.youtube.com/vi/4b8-U4b-JKU/maxresdefault.jpg,[Playlist] ì—¬ê¸° ëŒ€í‘œ ë©”ë‰´ê°€ í”Œë ˆì´ë¦¬ìŠ¤íŠ¸ë˜ã…£ì••ë¡œ í•«í”Œì—ì„œ ë“¤ë ¤ì˜¤ëŠ” íŠ¸ë Œë”” íŒ ğŸ’ã…£hipster coffee shop playlist,#íŒì†¡ #í”Œë ˆì´ë¦¬ìŠ¤íŠ¸ #ê¸°ë¶„ì „í™˜
http://bugs.kr/!yt0207,https://img.youtube.com/vi/TekGMbYdDlE/maxresdefault.jpg,[Playlist] ê³ ìƒí–ˆì–´ìš” ì˜¤ëŠ˜ë„ã…£ì´ë¶ˆ ì†ì—ì„œ ë“£ëŠ” ë‚˜ë¥¸í•œ SLOW POP 3ã…£have a wonderful dream tonight ğŸŒ™,#íŒì†¡ #ì”ì”í•œ #í”Œë ˆì´ë¦¬ìŠ¤íŠ¸
http://bugs.kr/!yt65222,https://img.youtube.com/vi/VChOfqSzN1Y/maxresdefault.jpg,[Playlist] í‰í”Œ ë¼ì“°ê³ ! ğŸ’™ğŸ’œğŸ’—â¤ï¸ğŸ–¤ | í”Œë ˆì´ë¸Œ ë…¸ë˜ ëª¨ìŒ | PLAVE essential;,#í”Œë ˆì´ë¸Œ #PLAVE #í”Œë ˆì´ë¦¬ìŠ¤íŠ¸
http://bugs.kr/!yt0240,https://img.youtube.com/vi/28umgffmPCo/maxresdefault.jpg,[Playlist] ì„ ì„ í•œ ì—¬ë¦„ë°¤ ğŸŒ´ã…£ê°ì„± ì©ŒëŠ” ì¹œêµ¬ì˜ í™ˆì¹´í˜ ì„ ê³¡í‘œã…£summer night hipster cafe music ğŸŒ´,#ì•Œì•¤ë¹„ #íŒì†¡ #í”Œë ˆì´ë¦¬ìŠ¤íŠ¸
http://bugs.kr/!yt0170,https://img.youtube.com/vi/uaWSwV61jkU/maxresdefault.jpg,[Playlist] ì‚°ì±…í•˜ë©° ë“£ëŠ” ê°ê°ì ì¸ ë¶„ìœ„ê¸°ì— POPã…£Songs With a Sensuous Atmosphere,#íŒì†¡ #í”Œë ˆì´ë¦¬ìŠ¤íŠ¸ #ì‚°ì±…
http://bugs.kr/!yt0130,https://img.youtube.com/vi/HR6RZmhxcUw/maxresdefault.jpg,"[Playlist] í† ë‹¥í† ë‹¥, ë‹¬ë¹› ì•„ë˜ ì—´ëŒ€ì•¼ ğŸŒ‰ã…£ë¶ˆë©´ì˜ ë°¤ì„ ë‹¤ë…ì´ëŠ” COZY POP #4 ã…£Cozy Pop for a Sleepless Night",#íŒì†¡ #í”Œë ˆì´ë¦¬ìŠ¤íŠ¸ #ìŒì•…
http://bugs.kr/!yt0198,https://img.youtube.com/vi/iHDSV-dHWQ4/maxresdefault.jpg,[Playlist] ê°€ë³ê²Œ ìº”ë§¥ í•˜ë‚˜ ë”°ê³  ì‹¶ì€ ë°¤ ğŸºã…£Catch a Vibe! ìˆ ì´ ë‹¬ê²Œ ëŠê»´ì§€ëŠ” BGMã…£Can you get me a beer please?,#íŒì†¡ #í”Œë ˆì´ë¦¬ìŠ¤íŠ¸ #í™í•©
http://bugs.kr/!yt53710,https://img.youtube.com/vi/WELA83r5YY8/maxresdefault.jpg,[Playlist] ì´ ê¸°ì¨ì„ ì—¬ëŸ¬ë¶„ê³¼ í•¨ê»˜ ë‚˜ëˆ„ê³  ì‹¶ìŠµë‹ˆë‹¤âœ¨ã…£êµ¬ë…ì 100ë§Œ íŠ¹ì§‘! ì–¸ì œ ë“¤ì–´ë„ ì‹ ë‚˜ëŠ” ì˜¬íƒ€ì„ ë² ìŠ¤íŠ¸ POPã…£30 best feel good songsâœ¨,#ì‹ ë‚˜ëŠ” #íŒì†¡ #í”Œë ˆì´ë¦¬ìŠ¤íŠ¸
http://bugs.kr/!yt0152,https://img.youtube.com/vi/bnogNXRFKOs/maxresdefault.jpg,[Playlist] ğŸ¤˜ í•¨ê»˜ ì¦ê²¨ìš”! ëœì„  ë½í˜ ğŸ¤˜ã…£Online Rock Festival,
http://bugs.kr/!0219,https://img.youtube.com/vi/iycufhdkUuw/maxresdefault.jpg,[Playlist] ì—¬ê¸° ì„¸ë ¨ë¯¸ ë„˜ì¹˜ê³  ì‹ ë‚˜ìš”ã…£ê¸ˆìš”ì¼ ì €ë… í™í•œ ë£¨í”„íƒ‘ ë¼ìš´ì§€ë¡œ ìˆœ.ê°„.ì´.ë™.ã…£TGIF! classy rooftop bars music ğŸ¸,#íŒì†¡ #í”Œë ˆì´ë¦¬ìŠ¤íŠ¸ #ë£¨í”„íƒ‘
http://bugs.kr/!yt27641,https://img.youtube.com/vi/dYiT3Uebkn4/maxresdefault.jpg,[Playlist] ì—­ì‹œ ë¯¿ë“£íƒ±ğŸ’œ | íƒœì—° ë…¸ë˜ ëª¨ìŒ | TAEYEON essential;,#TAEYEON #íƒœì—° #í”Œë ˆì´ë¦¬ìŠ¤íŠ¸
http://bugs.kr/!yt0021,https://img.youtube.com/vi/Z1tAwwrhLAA/maxresdefault.jpg,[Playlist] ê³ ê°œê°€ ê¹Œë”±~ ê¹Œë”±~ ë‚˜ë„ ëª¨ë¥´ê²Œ ê±´ë°©ì ¸ì§€ëŠ” ì‹ ë‚˜ëŠ” íŒì†¡ã…£ê¸°ë¶„ì´ ì¢‹ì•„ì§€ëŠ” ê²½ì¾Œí•œ í”Œë ˆì´ë¦¬ìŠ¤íŠ¸ã…£hello today! rhythmical daily pop,#íŒì†¡ #í”Œë ˆì´ë¦¬ìŠ¤íŠ¸ #ìŒì•…
http://bugs.kr/!yt0220,https://img.youtube.com/vi/RYoOL4xXgR0/maxresdefault.jpg,"[Playlist] í™”ì°½í•œ ë´„ë‚ , ì—¬ìœ ë¡œìš´ ì¼ìƒì˜ BGM ğŸŒ»ã…£ì‚°ëœ»í•œ ì‚¬í´ ê°ì„± í”Œë ˆì´ë¦¬ìŠ¤íŠ¸ã…£songs to while away the afternoon in spring ğŸŒ»",#íŒì†¡ #í”Œë ˆì´ë¦¬ìŠ¤íŠ¸ #ë´„
http://bugs.kr/!yt0163,https://img.youtube.com/vi/IQFvKU8yXh8/maxresdefault.jpg,[Playlist] ê·“ê°€ì—ì„œ í„°ì§€ëŠ” ìƒí¼í•œ Popping Candy ğŸŒˆğŸ¤ªğŸ­ ã…£Popping Candy Playlist,#íŒì†¡ #í”Œë ˆì´ë¦¬ìŠ¤íŠ¸ #ê¸°ë¶„ì „í™˜
http://bugs.kr/!yt0035,https://img.youtube.com/vi/jhzXowkUwxU/maxresdefault.jpg,[Playlist] ì² ìˆ˜ ë„ˆ ì–¸ì œê¹Œì§€ ì—ë¯¸ë„´ë§Œ ë“¤ì„ë˜! ì¼ë¡œì™€ì„œ ê°™ì´ ë“£ìã…£í‰ë²”í•œ ë°©ì„ ì´íƒœì› íìœ¼ë¡œ ë°”ê¿”ì¤„ íŠ¸ë Œë”” í™í•© í”Œë ˆì´ë¦¬ìŠ¤íŠ¸ã…£best trendy hiphop,#íŒì†¡ #í”Œë ˆì´ë¦¬ìŠ¤íŠ¸ #í™í•©
http://bugs.kr/!yt0031,https://img.youtube.com/vi/3zjQnn2QfN4/maxresdefault.jpg,"[Playlist] ë¹„ê°€ ë‚´ë¦° ì˜¤ëŠ˜, ë²„ìŠ¤ ì •ë¥˜ì¥ì— ì•‰ì•„ ë“£ëŠ” íŒã…£rainy night at the bus stop",#íŒì†¡ #í”Œë ˆì´ë¦¬ìŠ¤íŠ¸ #ë¹„ì˜¤ëŠ”ë‚ 
http://bugs.kr/!yt58256,https://img.youtube.com/vi/omN2gwYdYXk/maxresdefault.jpg,[Playlist] á„‚á…¡á†¯á„ƒá…© á„ƒá…¥á„‹á…®á†«á„ƒá…¦ á„‹á…§á„…á…³á†·á„†á…¡á†º á„Œá…¢á„Œá…³ á„‹á…¯á†«á„‰á…£á†ºá„’á…¡á„‰á…¦á„‹á…­ğŸ¹ | summer tropical jazzğŸ¹,#íŒì†¡ #ì¬ì¦ˆ #í”Œë ˆì´ë¦¬ìŠ¤íŠ¸
http://bugs.kr/!yt0133,https://img.youtube.com/vi/W-3QNbQF13g/maxresdefault.jpg,[Playlist] VIVID#2 A Certain Romanceã…£ì„ ëª…í•˜ê²Œ ê¸°ì–µë  ì§€ê¸ˆ ì´ ìˆœê°„,#íŒì†¡ #í”Œë ˆì´ë¦¬ìŠ¤íŠ¸ #ë¹ˆí‹°ì§€
http://bugs.kr/!yt52499,https://img.youtube.com/vi/RynT6AdZmKk/maxresdefault.jpg,[Playlist] ê±·ë‹¤ê°€ ìš°ì—°íˆ ë§Œë‚œ ì—ìŠ¤í”„ë ˆì†Œë°”â˜• | ë¹ˆí‹°ì§€í•œ ê°ì„±ì´ ê°€ë“í•œ ì¹´í˜ BGM | vintage cafe music â˜•,#íŒì†¡ #í”Œë ˆì´ë¦¬ìŠ¤íŠ¸ #ì¹´í˜
http://bugs.kr/!yt51302,https://img.youtube.com/vi/MLb0sY8ZJf4/maxresdefault.jpg,[Playlist] á„‹á…¥á„‚á…³ á„€á…¡á„‹á…³á†¯á„‹á…´ á„†á…®á†«á„á…¥á†¨á„‹á…¦á„‰á…¥ | sentimental autumn pop,#íŒì†¡ #í”Œë ˆì´ë¦¬ìŠ¤íŠ¸ #ê°€ì„
http://bugs.kr/!yt59107,https://img.youtube.com/vi/o3QbULP6x-Y/maxresdefault.jpg,[Playlist] á„†á…¡á„Œá…µá„†á…¡á†¨ á„‹á…§á„…á…³á†·á„‡á…¡á†·á„‹á…³á†¯ á„‡á…®á‡€á„Œá…¡á†¸á„‹á…¡ | late summer night pop,#íŒì†¡ #í”Œë ˆì´ë¦¬ìŠ¤íŠ¸ #ìŒì•…
http://bugs.kr/!yt0007,https://img.youtube.com/vi/ZjknKXiFuIQ/maxresdefault.jpg,[Playlist] ì—¬ë¦„ë¹„ ì† ì´ì–´í°ì„ ì±…ì„ì§ˆ ê°ì„± íŒì†¡ ëª¨ìŒ,#í”Œë ˆì´ë¦¬ìŠ¤íŠ¸ #ë¹„ #ì—¬ë¦„
http://bugs.kr/!yt0259,https://img.youtube.com/vi/suWSpJXTpHs/maxresdefault.jpg,[Playlist] ê°€ì„ ì €ë… ì–´ìŠ¤ë¦„ì´ ê¹”ë¦´ ë•Œ ã…£ê°€ì„ë°¤ ì‚°ì±…ê¸¸ì— ë“£ê¸° ì¢‹ì€ ë©œë¡œìš° ì¸ë””ã…£autumn night mellow k-indie ğŸŒ—,#ì¸ë”” #í”Œë ˆì´ë¦¬ìŠ¤íŠ¸ #ê°€ì„
http://bugs.kr/!yt0256,https://img.youtube.com/vi/LiXcXDajCH4/maxresdefault.jpg,[Playlist] ì„ ì„ í•œ í‡´ê·¼ê¸¸ì— í•¨ê»˜ í•˜ê³ í”ˆ ì¼ë ‰ì‚¬ìš´ë“œã…£chillin' in the car on my way home ğŸš“,#íŒì†¡ #í”Œë ˆì´ë¦¬ìŠ¤íŠ¸ #ë“œë¼ì´ë¸Œ
http://bugs.kr/!yt0009,https://img.youtube.com/vi/jwPH69NoBP8/maxresdefault.jpg,[Playlist] ì˜í˜¼ê¹Œì§€ ì‹ ë‚˜! ì²­ëŸ‰í„°ì§€ëŠ” íŠ¸ë¡œí”¼ì»¬ EDM í”Œë ˆì´ë¦¬ìŠ¤íŠ¸ ğŸï¸,#ì‹ ë‚˜ëŠ” #í”Œë ˆì´ë¦¬ìŠ¤íŠ¸ #ì—¬ë¦„
