이미지,제목,벅스 링크
https://img.youtube.com/vi/3zZe_Ko4bbk/maxresdefault.jpg,[Playlist] 도입부가 요즘 날씨야... 너무 좋아...🤎 | 인트로부터 사로잡히는 그루브팝 | autumn groove pop 🤎,http://bugs.kr/!yt53988
https://img.youtube.com/vi/d9EdCgS1X_c/maxresdefault.jpg,[Playlist] 아침을 깨우는 산뜻한 봄날의 Lo-FiㅣLo-Fi on a fresh spring day,http://bugs.kr/!yt0101
https://img.youtube.com/vi/Mc0-EzZAd2I/maxresdefault.jpg,"[Playlist] 수영 못하면 돌아가주시죠,, 듣는 순간 빠져들테니깐!ㅣ스타일리쉬한 느낌의 매력만점 일렉팝 ㅣstylish electro pop songs",http://bugs.kr/!yt0044
https://img.youtube.com/vi/yYlw5prC-D0/maxresdefault.jpg,[Playlist] 파리 Cafe에 흐르는 봄날의 집시재즈ㅣgypsy jazz in french cafe,http://bugs.kr/!yt0203
https://img.youtube.com/vi/SkH7ZZPPYQs/maxresdefault.jpg,"[Playlist] 울적한 하루, 산뜻한 팝송으로 시작해요ㅣThis Playlist gonna make you feel better",http://bugs.kr/!yt0166
https://img.youtube.com/vi/OEZc_c7A7Ko/maxresdefault.jpg,"[Playlist] 아, 이 노래들은 진짜 알려주기 아까운데ㅣOh, I really don't want to tell you these songs",http://bugs.kr/!yt0111
https://img.youtube.com/vi/dYiT3Uebkn4/maxresdefault.jpg,[Playlist] 역시 믿듣탱💜 | 태연 노래 모음 | TAEYEON essential;,http://bugs.kr/!yt27641
https://img.youtube.com/vi/TfSqGfVqooc/maxresdefault.jpg,[Playlist] 해방촌 바이닐펍 바이브 🍻ㅣ레트로 + 트렌디 = 21세기 뉴 잭 스윙!ㅣtrendy retro music in vinyl pub,http://bugs.kr/!yt0218
https://img.youtube.com/vi/jakKbiX2L-Q/maxresdefault.jpg,"[Playlist] 봄볕이 드는 창가에 앉아 🕊 | 나른한 주말, 커피 한 잔과 함께하는 휴식 | cozy pop with coffee 🕊",http://bugs.kr/!yt57144
https://img.youtube.com/vi/Dj-de9sLNB0/maxresdefault.jpg,[Playlist] 슬슬 봄이 올 때가 됐는데? 🎈 | 달짝지근 기분 좋아지는 Daily Pop 16 | sweet spring pop 🎈,http://bugs.kr/!yt54069
https://img.youtube.com/vi/mrPw3D9Vjf0/maxresdefault.jpg,"[Playlist] 초록이 짙어지는 계절, 너와 함께 | 산뜻하고 부드러운 일상 BGM with Crush | afternoon cafe vibe",http://bugs.kr/!yt65233
https://img.youtube.com/vi/fJnOuwUqXDQ/maxresdefault.jpg,"[Playlist] 다시 새벽, 나른한 그 분위기에 취해 🍷ㅣLate night chillin 🍷",http://bugs.kr/!yt0167
https://img.youtube.com/vi/HR6RZmhxcUw/maxresdefault.jpg,"[Playlist] 토닥토닥, 달빛 아래 열대야 🌉ㅣ불면의 밤을 다독이는 COZY POP #4 ㅣCozy Pop for a Sleepless Night",http://bugs.kr/!yt0130
https://img.youtube.com/vi/8DRgFBd2_8E/maxresdefault.jpg,"[Playlist] 시간은 오후 3시 온도는 20도ㅣ20℃, 3 p.m.",http://bugs.kr/!yt0118
https://img.youtube.com/vi/YGX-Y4XngXc/maxresdefault.jpg,[Playlist] 소파와 한 몸이 되고 싶은 날 | 편안하게 듣기 좋은 일상 BGM | cozy day at home 🌿,http://bugs.kr/!yt57613
https://img.youtube.com/vi/-lXxbJTsxVQ/maxresdefault.jpg,[Playlist] 손끝으로 느껴지는 나른한 오후 | afternoon cozy pop,http://bugs.kr/!yt56551
https://img.youtube.com/vi/Tc0Z6A7xl7Y/maxresdefault.jpg,[Playlist] 하루를 끝내고 따뜻한 욕조 속으로ㅣ따스하고 그루브한 멜로우 R&B 플레이리스트ㅣmellow music for a smooth bath time,http://bugs.kr/!yt0032
https://img.youtube.com/vi/itXDhRsf9WA/maxresdefault.jpg,[Playlist] 오늘은 그냥 뒹굴거리면 안될까ㅣ🎨그림 그릴 때 듣는 음악 05ㅣBest songs to listen to while painting🎨,http://bugs.kr/!yt0185
https://img.youtube.com/vi/mI6ZOCbCOUE/maxresdefault.jpg,[Playlist] 듣자마자 66번국도에서 드라이브!ㅣDriving Route 66,http://bugs.kr/!yt0131
https://img.youtube.com/vi/yVqXMvohWek/maxresdefault.jpg,[Playlist] 얼어 죽어도 트로피컬!ㅣ시원하고 상큼한 이냉치냉 플레이리스트ㅣBest Popular Songs Of 2020,http://bugs.kr/!yt0055
https://img.youtube.com/vi/VNY8RU3YFjM/maxresdefault.jpg,[Playlist] 추운 겨울을 포근하게 🌨 | 겨울에 듣기 좋은 남성 발라드 | winter korean ballad,http://bugs.kr/!yt61234
https://img.youtube.com/vi/4BMZRqlCzZs/maxresdefault.jpg,[Playlist] 나의 PLAYLIST는 새벽 2시부터ㅣAM 2:00 Mood,http://bugs.kr/!yt0153
https://img.youtube.com/vi/iGQdfTXi-Ug/maxresdefault.jpg,[Playlist] 도넛 사러 갔다가 노래에 치임...ㅣ도넛샵에서 흘러나오는 키치한 멜로디ㅣdoughnut shop playlist 🍩,http://bugs.kr/!yt0262
https://img.youtube.com/vi/qaypqpYPJvk/maxresdefault.jpg,"[Playlist] 적막한 밤 빗소리와 함께ㅣ비 오는 날, 감성에 젖고 싶다면ㅣrainy day with relaxing jazz music 🛋️",http://bugs.kr/!yt0234
https://img.youtube.com/vi/WSZOckFU8U8/maxresdefault.jpg,[Playlist] 호캉스 갈 때 무조건 챙겨야하는 팝송추천ㅣ경쾌하고 세련된 팝송 모음,http://bugs.kr/!yt0013
https://img.youtube.com/vi/_haKaOd1_zg/maxresdefault.jpg,"[Playlist] 로파이, 커피 한 잔의 여유 ☕ㅣcoffee & cigarette, chillax bgm",http://bugs.kr/!yt0216
https://img.youtube.com/vi/eaqVX9IMACQ/maxresdefault.jpg,[Playlist] 오늘은 왠지 예감이 좋아 🧃ㅣ기분 UP! 하루를 열어주는 Daily Popㅣhappy day good morning 🧃,http://bugs.kr/!yt50140
https://img.youtube.com/vi/1wJRs2icW0A/maxresdefault.jpg,"[Playlist] 힙합 너무 좋구요, 미치겠어요ㅣ나도 모르게 비트타는 힙한 외힙 😎ㅣtrendy hip hop of 2021",http://bugs.kr/!0221
https://img.youtube.com/vi/y4H2kOvTdE4/maxresdefault.jpg,"[Playlist] UNKNOWN, 나만 알고 싶은 Track vol.5ㅣTrendy songs You've Never Heard",http://bugs.kr/!yt0150
https://img.youtube.com/vi/GBVEHPh_HRs/maxresdefault.jpg,[Playlist] 감각적 봄맞이! 러블리와 센슈얼 그 사이ㅣBest Popular Songs Of 2020,http://bugs.kr/!yt0084
https://img.youtube.com/vi/m6sDakyUClY/maxresdefault.jpg,[Playlist] 오늘도 아른거리는 그대ㅣ갬성 빈티지 플레이리스트ㅣBest Popular Songs Of 2020,http://bugs.kr/!yt0054
https://img.youtube.com/vi/obkZl2mYnpI/maxresdefault.jpg,[Playlist] 가을에 들을 수 있는 몽글몽글 Playlist #3 l Playlist for Autumn,http://bugs.kr/!yt0172
https://img.youtube.com/vi/AwGaZ92r0Js/maxresdefault.jpg,[Playlist] 방구석 클럽 개장 🔥ㅣ절제된 세련미! 내적댄스 폭발하는 테크하우스ㅣBest Tech House Mix 💃🕺,http://bugs.kr/!yt0194
https://img.youtube.com/vi/3owcmKI642c/maxresdefault.jpg,"[Playlist] 무기력한 아침, 리듬 타며 여름나기 🌿ㅣHow to Wake Up Without Feeling Sluggish 🌿",http://bugs.kr/!yt0148
https://img.youtube.com/vi/fodbvMnx0xw/maxresdefault.jpg,[Playlist] 너와 나란히 걷다가 열대야를 잊곤 했지ㅣForget the tropical nights,http://bugs.kr/!yt0164
https://img.youtube.com/vi/HjhXBdO9tgI/maxresdefault.jpg,[Playlist] 은은하게 불어오는 꽃내음 🌼ㅣ분위기에 취하고 음색에 치이는 카페 음악ㅣgood afternoon cafe music 🌼,http://bugs.kr/!yt53216
https://img.youtube.com/vi/AAfmtUcyzhU/maxresdefault.jpg,[Playlist] 그루브에 힙 투샷 추가 | 감각적인 공간을 채우는 그루브 BGM | hip and groovy vibes,http://bugs.kr/!yt57036
https://img.youtube.com/vi/ygtlUylfoy8/maxresdefault.jpg,[Playlist] 지루해? 자극적이지 않은 달짝지근 데일리 팝!ㅣ달짝지근 기분 좋아지는 Daily Pop 2ㅣSongs for a Sweet and Pleasant Day,http://bugs.kr/!yt0075
https://img.youtube.com/vi/HEXFE2ORD5E/maxresdefault.jpg,[Playlist] 토요일 밤의 재즈 🥂ㅣ찐 로우파이! Old Jazz DivasㅣRomantic Old Jazz,http://bugs.kr/!yt0119
https://img.youtube.com/vi/W-3QNbQF13g/maxresdefault.jpg,[Playlist] VIVID#2 A Certain Romanceㅣ선명하게 기억될 지금 이 순간,http://bugs.kr/!yt0133
https://img.youtube.com/vi/uaWSwV61jkU/maxresdefault.jpg,[Playlist] 산책하며 듣는 감각적인 분위기에 POPㅣSongs With a Sensuous Atmosphere,http://bugs.kr/!yt0170
https://img.youtube.com/vi/_QYoFw7rii8/maxresdefault.jpg,[Playlist] 얼어붙은 밤을 뜨겁게 달궈줄ㅣSexy & Groovy 침대송 플레이리스트ㅣsensual songs for lovers 💕,http://bugs.kr/!yt0206
https://img.youtube.com/vi/Ks4LTtgx7WE/maxresdefault.jpg,[Playlist] 어쩌다 노을이 좋은 날ㅣ블루투스 스피커로 가볍게 듣기 좋은 POP 3ㅣsomewhere beyond the sunset🧡,http://bugs.kr/!yt0214
https://img.youtube.com/vi/TNkM5_nf01U/maxresdefault.jpg,"[Playlist] 주말 오후, 광합성하기 좋은 온실 카페에서 🌿ㅣ따뜻했던 무수한 날들에 대한 단상ㅣafternoon chilling tape 📼",http://bugs.kr/!yt0200
https://img.youtube.com/vi/_xYRgpByc0c/maxresdefault.jpg,[Playlist] 꿀이 뚝~뚝~ㅣ고막을 녹이는 달달한 팝 플레이리스트ㅣsweet spring honey pop 🍯,http://bugs.kr/!yt0222
https://img.youtube.com/vi/gkIxUlJ8bvs/maxresdefault.jpg,"[Playlist] 겨울과 봄 사이, 가볍게 듣기 좋은 달달포근 팝!ㅣBest Popular Songs Of 2020",http://bugs.kr/!yt0076
https://img.youtube.com/vi/nZSz5opkSIo/maxresdefault.jpg,[Playlist] 뭔가 새로운 크리스마스 노래 없어?ㅣ20/21 시즌 크리스마스 팝 신곡 콜렉션ㅣ20/21 brand new christmas pop ✨,http://bugs.kr/!yt0266
https://img.youtube.com/vi/isTo5kISXMg/maxresdefault.jpg,"[Playlist] 여름 밤, 힙하고 딥하게 | summer night chill r&b",http://bugs.kr/!yt57649
https://img.youtube.com/vi/XpP5P1FFkSs/maxresdefault.jpg,[Playlist] 펑키한 그루브 + 레트로 감성 두 스푼 = 바로 이 느낌!ㅣBest Popular Songs Of 2020,http://bugs.kr/!yt0070
https://img.youtube.com/vi/WR-4E2r5rh4/maxresdefault.jpg,"[Playlist] 보랏빛 하늘 아래서, Sunset Driveㅣ가을 바람을 닮은 선선한 팝송 모음",http://bugs.kr/!yt0014
https://img.youtube.com/vi/zZ0npMhatV8/maxresdefault.jpg,"[Playlist] 1990, MTV, 하이틴, 스케이트 보드ㅣ엉망진창 되고픈 신나는 팝-펑크!ㅣDo you miss being a Teenager?",http://bugs.kr/!yt0074
https://img.youtube.com/vi/aZao_uWiFrA/maxresdefault.jpg,[Playlist] 😈 홍대 지하에서 들려오는 Hip groovy pop 😈ㅣHip groovy pop from Hongdae Basement,http://bugs.kr/!yt0110
https://img.youtube.com/vi/0p4GD7KecyI/maxresdefault.jpg,[Playlist] 분위기에 취할 세련된 도시감성ㅣBest Popular Songs Of 2020,http://bugs.kr/!yt0090
https://img.youtube.com/vi/MJqadSvaPyE/maxresdefault.jpg,[Playlist] 고막부터 심장까지 찌릿해지는 감성의 폭죽놀이ㅣ따뜻하게 귀를 녹여줄 사운드클라우드 플레이리스트ㅣsweet mellow pop for the warm nights,http://bugs.kr/!yt0022
https://img.youtube.com/vi/PgdQoS_n41I/maxresdefault.jpg,[Playlist] 누가 달달한 게 몸에 안 좋다 그래? | sweet love songs,http://bugs.kr/!yt57889
https://img.youtube.com/vi/NQC_IqQT1SE/maxresdefault.jpg,[Playlist] 옥상이 피크닉 장소가 되는 산뜻 playlistㅣrooftop picnic vibe,http://bugs.kr/!yt0113
https://img.youtube.com/vi/qwB_fMR4KD0/maxresdefault.jpg,[Playlist] 차가워진 밤공기에 어울리는 Deep Groove🌒ㅣDeep & groovy vibes on a cold night🌒,http://bugs.kr/!yt0192
https://img.youtube.com/vi/PhDnObiRHMY/maxresdefault.jpg,[Playlist] 쿨한 분위기에 취하는 여름밤 | 나만의 공간에서 듣는 감각적인 사운드 with 언다이드룸 | summer night chill mix,http://bugs.kr/!UNDYEDROOMPAGE
https://img.youtube.com/vi/37Mmd4rUwGk/maxresdefault.jpg,[Playlist] 돗자리 펴고 뒹굴거리기 🌻ㅣ나도 모르게 두둠칫 하는 기분전환 데일리 팝ㅣsunny afternoon daily pop 🌻,http://bugs.kr/!yt52780
https://img.youtube.com/vi/lmrqqOcehNo/maxresdefault.jpg,"[Playlist] 나른하고 편안한 분위기, Seriously ChillㅣTime to chill out with electronic beats",http://bugs.kr/!yt0159
https://img.youtube.com/vi/G8-asmfNEfg/maxresdefault.jpg,[Playlist] 따사로운 어느 봄날ㅣ푸릇푸릇 싱그러운 바질향이 느껴지는ㅣspring basil aromatic pop 🌿,http://bugs.kr/!yt52704
https://img.youtube.com/vi/j-WzsS4xLQk/maxresdefault.jpg,[Playlist] S2 Love Preaching Passionfruit S2 💕ㅣ어느 여름날의 세레나데 💕,http://bugs.kr/!yt0144
https://img.youtube.com/vi/UoB_VNIctcc/maxresdefault.jpg,[Playlist] 사운드클라우드 힙한 감성 플레이리스트,http://bugs.kr/!yt0002
https://img.youtube.com/vi/FX6mNUZbSSE/maxresdefault.jpg,"[Playlist] 산뜻한 오후 2시, 카페 혹은 공원에서ㅣFresh Afternoon, at a Cafe or a Park",http://bugs.kr/!yt0097
https://img.youtube.com/vi/FQpHzD06CzA/maxresdefault.jpg,"[Playlist] 보랏빛 하늘 아래서, Sunset Drive Vol 2ㅣPurple Sky, Sunset Drive Vol 2",http://bugs.kr/!yt0168
https://img.youtube.com/vi/8JZ5Z10Tj2U/maxresdefault.jpg,"[Playlist] 다시 가을, 차가워진 바람을 맞으며 | 기분좋은 센치함이 가득한 알앤비 | autumn groovy r&b",http://bugs.kr/!yt54881
https://img.youtube.com/vi/jqMfCp0brhQ/maxresdefault.jpg,"[Playlist] 비 내리던 브루클린에서의 그날, 기억하지?ㅣon a rainy day in brooklyn ☂️",http://bugs.kr/!yt0251
https://img.youtube.com/vi/4pv-726Zi20/maxresdefault.jpg,[Playlist] 무드 있는 홈파티를 원한다면ㅣ소중한 사람과 보내는 분위기 가득한 연말 플레이리스트ㅣthe end of the year with you,http://bugs.kr/!yt0045
https://img.youtube.com/vi/HmM-sN7HadA/maxresdefault.jpg,[Playlist] 포근한 나만의 크리스마스 | 핫초코 마시며 듣는 따스한 무드의 캐롤 팝 | waiting for white christmas🤍,http://bugs.kr/!yt43921
https://img.youtube.com/vi/L3fjdmDxnjQ/maxresdefault.jpg,"[Playlist] 이 노래 삽입하면 광고 대박날 듯...ㅣ15초의 최면, 내가 만약 광고음악 감독이라면?ㅣBest Music for Ads 💲💲",http://bugs.kr/!yt0215
https://img.youtube.com/vi/Q4cGsnIl0sQ/maxresdefault.jpg,[Playlist] 비가 내려도 마음은 뽀송하게 ☁️ | 은은하게 기분이 좋아지는 데일리팝 | happy morning pop songs ☁️,http://bugs.kr/!yt53903
https://img.youtube.com/vi/Esrv9u9BIgY/maxresdefault.jpg,"[Playlist] 이쯤에서 중간 결산 가보자고ㅣ2022 상반기 결산 특집, 놓쳐선 안될 팝 50ㅣ50 best pop songs in first half of 2022",http://bugs.kr/!yt53715
https://img.youtube.com/vi/_mr8usEanDs/maxresdefault.jpg,[Playlist] 아프로 폼 미쳤다 | 중독성 강한 아프로비트 플레이리스트 | afrobeat vibes,http://bugs.kr/!yt55673
https://img.youtube.com/vi/Z1tAwwrhLAA/maxresdefault.jpg,[Playlist] 고개가 까딱~ 까딱~ 나도 모르게 건방져지는 신나는 팝송ㅣ기분이 좋아지는 경쾌한 플레이리스트ㅣhello today! rhythmical daily pop,http://bugs.kr/!yt0021
https://img.youtube.com/vi/oP5XYiA5efk/maxresdefault.jpg,[Playlist] 산타할아버지 올해도 전 착하게 살았어요🎅 | 2023 크리스마스 팝송 | new christmas pop songs 2023,http://bugs.kr/!yt60670
https://img.youtube.com/vi/2X8lDicOC6U/maxresdefault.jpg,"[Playlist] 조용한 바닷가 캠핑장에서ㅣ불멍이 필요한 시간, 나홀로 힐링 뮤직ㅣSentimental Campfire Songs",http://bugs.kr/!yt0183
https://img.youtube.com/vi/iHDSV-dHWQ4/maxresdefault.jpg,[Playlist] 가볍게 캔맥 하나 따고 싶은 밤 🍺ㅣCatch a Vibe! 술이 달게 느껴지는 BGMㅣCan you get me a beer please?,http://bugs.kr/!yt0198
https://img.youtube.com/vi/49B9cpKqtMA/maxresdefault.jpg,[Playlist] 월요일 안녕?ㅣ축 처지는 기분을 바꿔줄 Refresh Popㅣfresh up daily pop 🍀,http://bugs.kr/!yt0254
https://img.youtube.com/vi/46-vh5LIoDM/maxresdefault.jpg,[Playlist] 이건 초여름 아침 바이브 🍃ㅣ시원한 하루를 만들어 줄 썸머 데일리팝ㅣhappy summer day pop 🍃,http://bugs.kr/!yt0237
https://img.youtube.com/vi/64VMRxkl7OU/maxresdefault.jpg,[Playlist] 여름을 준비하는 자세! 트로피컬 사운드 TOP 100 🏄🏾ㅣReady to Summer! Tropical TOP 100 🏄🏾,http://bugs.kr/!yt0137
https://img.youtube.com/vi/8r7JiZRHSfs/maxresdefault.jpg,"[Playlist] 크리스마스 가족영화 한 편 본 것만 같은 느낌 🎁ㅣ색다른 감동, 크리스마스 클래식 스페셜ㅣBest Classical Christmas Music 🎄",http://bugs.kr/!yt0187
https://img.youtube.com/vi/3f02sGMwh9M/maxresdefault.jpg,"[Playlist] 선선한 밤에 듣는 로맨틱 올드 소울 💙ㅣ 부드럽게 영혼을 울리는 소울, Smooth SoulㅣSmooth Soul Essentials",http://bugs.kr/!yt0140
https://img.youtube.com/vi/6QPRWCSBRsQ/maxresdefault.jpg,[Playlist] 이 노래를 듣는 순간! 그루브 타게될껄?ㅣHear this song! You're gonna groove,http://bugs.kr/!yt0108
https://img.youtube.com/vi/gJST2Yu-Kho/maxresdefault.jpg,[Playlist] 상큼 발랄한 레몬 같은 팝!ㅣBest Popular Songs Of 2020,http://bugs.kr/!yt0078
https://img.youtube.com/vi/jhzXowkUwxU/maxresdefault.jpg,[Playlist] 철수 너 언제까지 에미넴만 들을래! 일로와서 같이 듣자ㅣ평범한 방을 이태원 펍으로 바꿔줄 트렌디 힙합 플레이리스트ㅣbest trendy hiphop,http://bugs.kr/!yt0035
https://img.youtube.com/vi/mZfRkXlAF34/maxresdefault.jpg,[Playlist] 기분도 광합성이 필요해 | 봄과 초여름 사이! 기분전환 데일리 팝 | early summer daily pop ☀️,http://bugs.kr/!yt56796
https://img.youtube.com/vi/KLkbq5bGDrY/maxresdefault.jpg,[Playlist] 벌써 봄이 온 것처럼 들뜨잖아 | spring daily pop 🌼,http://bugs.kr/!yt63630
https://img.youtube.com/vi/0UKwpJUUDlM/maxresdefault.jpg,[Playlist] 당신을 인싸로 만들어 줄 감각적인 가을 팝송,http://bugs.kr/!yt0016
https://img.youtube.com/vi/ZjknKXiFuIQ/maxresdefault.jpg,[Playlist] 여름비 속 이어폰을 책임질 감성 팝송 모음,http://bugs.kr/!yt0007
https://img.youtube.com/vi/mvvO5f1oydM/maxresdefault.jpg,[Playlist] 고당고당고당♬ㅣ가볍게 듣기좋은 트렌디 팝ㅣBest Popular Songs Of 2020,http://bugs.kr/!yt0056
https://img.youtube.com/vi/fq6qxhNK36c/maxresdefault.jpg,[Playlist] 미국 틴에이저 감성의 신나는 팝송 모음ㅣ트렌디하고 신나는 팝송 모음ㅣteenage vibe! trendy pop,http://bugs.kr/!yt0019
https://img.youtube.com/vi/6QcTHBJv_pE/maxresdefault.jpg,[Playlist] 어서와! 우리만의 여름 캠프 🍉ㅣ휴가갈 때 꼭 챙겨야 할 Summer Popsㅣcolorful summer vacation 🍉,http://bugs.kr/!yt0246
https://img.youtube.com/vi/FjVhjLG2pkU/maxresdefault.jpg,[Playlist] 분위기 무엇...? 센치한 감성의 가을 팝송ㅣ사운드 클라우드 감성 가을 카페 팝송,http://bugs.kr/!yt0017
https://img.youtube.com/vi/PHo4vhc3z8Q/maxresdefault.jpg,[Playlist] 마음이 추워질 때 즈음 | 늦가을에 듣기 좋은 여성 보컬 발라드 | korean ballad songs,http://bugs.kr/!yt60456
https://img.youtube.com/vi/JApXlFgOM_U/maxresdefault.jpg,[Playlist] 테이프 감성의 빈티지 드라이브 | vintage mood drive music,http://bugs.kr/!yt57961
https://img.youtube.com/vi/2T_T1oG0Dz8/maxresdefault.jpg,[Playlist] 설레이는 여름! 상큼하고 감각적인 팝송 모음,http://bugs.kr/!yt0006
https://img.youtube.com/vi/ubW3SmHScgs/maxresdefault.jpg,"[Playlist] 회색 하늘에 나른해지는 melody, night 2ㅣgrey sky, languid melody",http://bugs.kr/!yt0149
https://img.youtube.com/vi/N3PvPwAavoE/maxresdefault.jpg,[Playlist] 무더위야 잘가🌴 싱그럽고 상큼한 여름 팝송 추천!,http://bugs.kr/!yt0008
https://img.youtube.com/vi/l-k2k2XQ8Ek/maxresdefault.jpg,[Playlist] 언제나 HIP HOP Dayㅣ카페 감성의 그루브 힙합ㅣBest Popular Songs Of 2020,http://bugs.kr/!yt0058
https://img.youtube.com/vi/oDisFKQ27yI/maxresdefault.jpg,[Playlist] Hip하고 Chill한 분위기를 만들어줄 ListㅣHip & Chill,http://bugs.kr/!yt0127
https://img.youtube.com/vi/y5pqNsGlEio/maxresdefault.jpg,[Playlist] 감성이 터지는 trendy 외국힙합 l Emotional & Trending Hip Hop Songs,http://bugs.kr/!yt0175
https://img.youtube.com/vi/Uqbzf4eZK-Y/maxresdefault.jpg,[Playlist] 불이 꺼진 밤 비행기 안에서ㅣBest Popular Songs Of 2020,http://bugs.kr/!yt0003
https://img.youtube.com/vi/6cpbQIVr68U/maxresdefault.jpg,[Playlist] 여름밤 너의 창가로 띄워 보내는 노래ㅣNostalgic Summer Night,http://bugs.kr/!yt0157
https://img.youtube.com/vi/RhvWMNLWEK0/maxresdefault.jpg,[Playlist] 아이유 참 좋다 | 아이유 노래 모음 | IU essential;,http://bugs.kr/!yt64513
https://img.youtube.com/vi/Ngb-EedcipI/maxresdefault.jpg,[Playlist] 유난히 나른한 겨울 | cozy winter day music,http://bugs.kr/!yt61805
https://img.youtube.com/vi/bnogNXRFKOs/maxresdefault.jpg,[Playlist] 🤘 함께 즐겨요! 랜선 락페 🤘ㅣOnline Rock Festival,http://bugs.kr/!yt0152
https://img.youtube.com/vi/PPeDsJW0fMk/maxresdefault.jpg,[Playlist] ✨ 유튜브 트렌딩 Top15 : 2020년 10월 ✨ㅣYouTube Trending Top 15 : October 2020,http://bugs.kr/!yt0178
https://img.youtube.com/vi/fKdA9x0ea_I/maxresdefault.jpg,[Playlist] 흐르는 시간의 틈 사이에서ㅣ세대를 관통하는 불멸의 팝 명곡ㅣautumn breeze oldies forever 🍂,http://bugs.kr/!yt0252
https://img.youtube.com/vi/ueksOltZqH0/maxresdefault.jpg,[Playlist] 이 여름도 곧 그리워질 거야 | 방 안을 chill 하게 만들 감성 BGM | sentimental chill music,http://bugs.kr/!yt54230
https://img.youtube.com/vi/VNtKdI14eeM/maxresdefault.jpg,"[Playlist] 회색빛으로 물든 마음 | 흐린 날, 감성을 촉촉하게 적시는 연주곡 | classical music for rainy days",http://bugs.kr/!yt55340
https://img.youtube.com/vi/Y-qkVrKVU-4/maxresdefault.jpg,"[Playlist] 눈 오는 날, 마음을 녹여줄 Cozy Beats ⛄ㅣsnowfall chillax & cozy beats | lofi/jazzhop/chillhop ❄️",http://bugs.kr/!yt0188
https://img.youtube.com/vi/U6vjuljkP38/maxresdefault.jpg,[Playlist] 밖에 못 나가면 집에서 혼자 놀면 돼ㅣ연말 텐션 끌어올릴 기분전환 POP ⚡ㅣ2020 best have fun alone at home playlist ⚡,http://bugs.kr/!yt0205
https://img.youtube.com/vi/lCdQcZDDdOs/maxresdefault.jpg,[Playlist] ㅋㅋ캬캬캬ㅑㅑㅑ 지나가던 개도 웃는 신나는 팝!ㅣ출퇴근길 기분 UP 시켜줄 리드미컬 팝 플레이리스트ㅣbest songs to make you smile !,http://bugs.kr/!yt0042
https://img.youtube.com/vi/hUkHbhRKQMU/maxresdefault.jpg,[Playlist] 가을과 겨울 사이ㅣ감성적이며 트렌디한 플레이리스트ㅣthe days between fall and winter,http://bugs.kr/!yt0023
https://img.youtube.com/vi/8-pl-aLLRnU/maxresdefault.jpg,"[Playlist] 해 질 무렵, 오렌지 빛으로 물들어가는 시간ㅣwhen the sun goes down 🌇",http://bugs.kr/!yt0263
https://img.youtube.com/vi/JDL7HlU83TE/maxresdefault.jpg,[Playlist] 아침 사과처럼 🍎 달짝지근 기분 좋아지는 Daily Pop 11ㅣsongs to make you feel happy 🍎,http://bugs.kr/!yt0265
https://img.youtube.com/vi/05ebd8MwcA8/maxresdefault.jpg,"[Playlist] 🔥 나이키 모드! 심장에 바로 꽂는 부스터 펌프 🔥 ㅣNike Vibe, Booster Beat",http://bugs.kr/!yt0129
https://img.youtube.com/vi/LlDSMktrlwE/maxresdefault.jpg,"[Playlist] 🍂 선선한 가을, 카페 테라스에서 듣는 재즈 l Jazz Songs On The Terrace",http://bugs.kr/!yt0181
https://img.youtube.com/vi/xTrSVFucCrw/maxresdefault.jpg,"[Playlist] 밤을 다독여줄, 다크팝의 요정들 🧚ㅣBest Popular Songs Of 2020",http://bugs.kr/!yt0081
https://img.youtube.com/vi/cVA35NIsXVc/maxresdefault.jpg,[Playlist] 일상의 소소한 행복을 찾아서ㅣ파리의 어느 빈티지 가게에서 우리는ㅣsitting at a vintage cafe terrace in paris ☕,http://bugs.kr/!yt0211
https://img.youtube.com/vi/JkTM9Q5DfgI/maxresdefault.jpg,[Playlist] 카페에 틀어놓기 좋은 따스한 코코아 Lo-Fi Jazzhopㅣ따스하고 트렌디한 로파이 재즈합ㅣhot chocolate lofi jazzhop,http://bugs.kr/!yt0020
https://img.youtube.com/vi/OcmVoOcOhmY/maxresdefault.jpg,[Playlist] 도시의 저녁 노을과 어울릴 감각적 일렉팝,http://bugs.kr/!yt0005
https://img.youtube.com/vi/bCGqacEOH9Y/maxresdefault.jpg,[Playlist] 잠든 아침을 깨우는 그루비한 모닝 콜!ㅣBest Popular Songs Of 2020,http://bugs.kr/!yt0077
https://img.youtube.com/vi/Nz4uAOWe0JY/maxresdefault.jpg,[Playlist] 이곳은 아름다운 무중력 공간 🌌ㅣ별을 하나하나 세어내는 마음으로ㅣfor space travelers 🌌,http://bugs.kr/!yt0213
https://img.youtube.com/vi/LB3_RFHyKKY/maxresdefault.jpg,"[Playlist] 무기력에 물들고 영혼이 비어갈 때ㅣLethargy, Emptied Soul",http://bugs.kr/!yt0155
https://img.youtube.com/vi/HnNFgsDZdgc/maxresdefault.jpg,[Playlist] 옷장 정리 싹 하면서 듣는 상쾌한 보사노바 🍐ㅣRefreshing bossa nova,http://bugs.kr/!yt0116
https://img.youtube.com/vi/hwpxZtECUOc/maxresdefault.jpg,[Playlist] 꿉꿉해진 날씨에 안성맞춤! Summer Pops 🌻ㅣHappy Summer Pops 🌻,http://bugs.kr/!yt0146
https://img.youtube.com/vi/2uPlFwI6318/maxresdefault.jpg,"[Playlist] 산뜻하게 시작하는 행복한 하루ㅣ느낌 있는 펍에서 흘러나오는 트렌디 팝 플레이리스트ㅣhello, sunshine! trendy daily pop",http://bugs.kr/!yt0037
https://img.youtube.com/vi/9QxLDCZMFK0/maxresdefault.jpg,[Playlist] 그대의 새벽은 어떤 색인가요?ㅣ센치한 분위기의 멜랑콜리 플레이리스트ㅣBest Popular Songs Of 2020,http://bugs.kr/!yt0064
https://img.youtube.com/vi/3zjQnn2QfN4/maxresdefault.jpg,"[Playlist] 비가 내린 오늘, 버스 정류장에 앉아 듣는 팝ㅣrainy night at the bus stop",http://bugs.kr/!yt0031
https://img.youtube.com/vi/Uc20YSleGBw/maxresdefault.jpg,[Playlist] 들어봤어? 요즘 북미에서 뜨는 팝! ✨ㅣ유튜브 트렌딩 Top15 : 2021년 1월 ✨ㅣYouTube Trending Top 15 : January 2021,http://bugs.kr/!yt0193
https://img.youtube.com/vi/6-blJbIxQgg/maxresdefault.jpg,[Playlist] 산책이 좋아지는 계절🌿 | 가볍게 듣기 좋은 봄 노래 | spring vibe songs🌿,http://bugs.kr/!yt64750
https://img.youtube.com/vi/6-blJbIxQgg/maxresdefault.jpg,[Playlist] 산책이 좋아지는 계절🌿 | 가볍게 듣기 좋은 봄 노래 | spring vibe songs🌿,http://bugs.kr/!bugswavve
https://img.youtube.com/vi/pBk-LDb8Sig/maxresdefault.jpg,[Playlist] ✨ 유튜브 트렌딩 Top15 : 2020년 6월 ✨ㅣYouTube Trending Top 15 : June 2020,http://bugs.kr/!yt0132
https://img.youtube.com/vi/uxGG83TF8_U/maxresdefault.jpg,[Playlist] 안녕? 우리 친구할래?ㅣ풋풋한 하이틴 영화 브금 같은 생기발랄 POP 🍊ㅣfeel like i'm in a teen movie!,http://bugs.kr/!yt0212
https://img.youtube.com/vi/LnyR6tfwyHQ/maxresdefault.jpg,"[Playlist] 나른한 오늘, 행복한 방황ㅣ사운드클라우드 감성의 힙한 인디팝 플레이리스트ㅣBest Indie Pop of 2019",http://bugs.kr/!yt0049
https://img.youtube.com/vi/xdHP9nmJB_0/maxresdefault.jpg,[Playlist] 습한 공기에 가라앉는 마음 | 센치한 여름밤에 듣기 좋은 감성팝 | summer night with sentimental pop,http://bugs.kr/!yt52770
https://img.youtube.com/vi/7-m-oA5TZxk/maxresdefault.jpg,[Playlist] 호캉스에 딱 🍹ㅣ휴양지 카페에서 흘러나오는 썸머 보사노바ㅣsummer bossa nova lounge music,http://bugs.kr/!yt0243
https://img.youtube.com/vi/1pvOgxRQVDM/maxresdefault.jpg,[Playlist] 집콕러들 위한 편안한 주말의 VibeㅣA Comfortable Weekend’s Vibe,http://bugs.kr/!yt0169
https://img.youtube.com/vi/83j3iuGT7Zk/maxresdefault.jpg,"[Playlist] 기분전환하고 싶을 때 Pop Pop!ㅣIf you're feeling bored, Pop Pop!",http://bugs.kr/!yt0161
https://img.youtube.com/vi/uNAly25QjXk/maxresdefault.jpg,[Playlist] 설날에도 건행😊ㄱ | 명절 특집! 임영웅 노래 모음 | Lim Young Woong essential;,http://bugs.kr/!yt63282
https://img.youtube.com/vi/BpZ5Q767iQs/maxresdefault.jpg,[Playlist] 날도 좋은데 슬슬 달려볼까?ㅣ유산소 운동할 때 듣기 좋은 트렌디 일렉팝 🎽ㅣ2021 running & workout mix,http://bugs.kr/!yt0233
https://img.youtube.com/vi/H9SUhQiih9M/maxresdefault.jpg,[Playlist] 봄바람에 마음이 살랑살랑 | spring is coming with you🍭,http://bugs.kr/!yt56965
https://img.youtube.com/vi/T3Gngwi7mdE/maxresdefault.jpg,[Playlist] 여기 그루브가 타고 있어요 | groove r&b playlist,http://bugs.kr/!yt63283
https://img.youtube.com/vi/gK_cqq7akP4/maxresdefault.jpg,"[Playlist] 엣헴 내가 이 구역의 첫곡 장인ㅣ2021 결산 특집, 에센셜 첫 곡 모음 50선ㅣ50 essential; first songs of 2021 💿",http://bugs.kr/!yt0269
https://img.youtube.com/vi/QCPO7m23_bM/maxresdefault.jpg,[Playlist] 쌀쌀한 날엔 홈카페 오픈 ☕️ | 집 안을 채우는 포근한 감성 BGM with 삼성TV | soft & cozy pop,http://bugs.kr/!samsung_insta
https://img.youtube.com/vi/BZjUcXk0my8/maxresdefault.jpg,"[Playlist] 어느 소호의 편집샵에서 흘러나오는 | 어스름한 저녁, 그루비한 BGM과 chillax | soho vibes R&B",http://bugs.kr/!yt54662
https://img.youtube.com/vi/BqF1ototqMM/maxresdefault.jpg,"[Playlist] 포근한 봄맞이, 달콤한 프렌치 팝ㅣBest Popular Songs Of 2020",http://bugs.kr/!yt0085
https://img.youtube.com/vi/F9Ex1ESEWN4/maxresdefault.jpg,[Playlist] 월요병 ㅃㅃㅣ산뜻하게 충전하는 하루! 활력 뿜뿜 BGM 2ㅣCharge Up Your Day!,http://bugs.kr/!yt0030
https://img.youtube.com/vi/cGhGtKnKZbY/maxresdefault.jpg,"[Playlist] 세련된 카페 안, 나 그리고 커피 & 음악 ☕🍮ㅣCoffee & Music",http://bugs.kr/!yt0139
https://img.youtube.com/vi/tOVopuMfbPU/maxresdefault.jpg,"[Playlist] 덕분에 행복했다 2022…👋 | 2022 하반기 결산 특집, 놓쳐선 안될 팝 50ㅣ50 best pop songs in second half of 2022",http://bugs.kr/!yt55917
https://img.youtube.com/vi/z060aThI9qM/maxresdefault.jpg,[Playlist] 사르르 부드럽게 녹아드는ㅣ추운 날 듣기 좋은 멜로우 알앤비ㅣmellow winter soft r&b ☕,http://bugs.kr/!yt0268
https://img.youtube.com/vi/VSs85GBZv1U/maxresdefault.jpg,"[Playlist] 드디어 끝! 십년 묵은 체증이 내려가는ㅣ해방감 UP 자유 만끽 BGMㅣfinally, we made it!! 🙌",http://bugs.kr/!yt0195
https://img.youtube.com/vi/7Ru1saTPWSw/maxresdefault.jpg,[Playlist] 가을 향 가득한 데일리팝 | autumn daily pop,http://bugs.kr/!yt59505
https://img.youtube.com/vi/IQFvKU8yXh8/maxresdefault.jpg,[Playlist] 귓가에서 터지는 상큼한 Popping Candy 🌈🤪🍭 ㅣPopping Candy Playlist,http://bugs.kr/!yt0163
https://img.youtube.com/vi/arQ13uAvnrM/maxresdefault.jpg,[Playlist] 도입부에서 게임 오바.. 비트감있는 그루브 팝! ㅣBest Popular Songs Of 2020,http://bugs.kr/!yt0079
https://img.youtube.com/vi/xZRo_6YQ-70/maxresdefault.jpg,[Playlist] 겨울에도 이별할 수 있잖아요ㅣ헤어진 후 듣는 발라드 | sad songs for broken hearts,http://bugs.kr/!yt61884
https://img.youtube.com/vi/OfUrHJ2ooug/maxresdefault.jpg,[Playlist] 마음이 보들보들해지는 센치 그루브팝ㅣSoft-hearted sentimental groove Pop,http://bugs.kr/!yt0165
https://img.youtube.com/vi/Dk4TXOo_PBI/maxresdefault.jpg,"[Playlist] 그래 기억나, 그 길을 우린 그렇게 달렸어🚲ㅣRemember our glorious time",http://bugs.kr/!yt0177
https://img.youtube.com/vi/vJLak7dishs/maxresdefault.jpg,[Playlist] 봄날의 상큼한 무드! 일렉트로 스윙 🌼ㅣBest Popular Songs Of 2020,http://bugs.kr/!yt0062
https://img.youtube.com/vi/qKQNQ2k-qOE/maxresdefault.jpg,"[Playlist] 분위기있는 카페에 고급진 소울&재즈팝 l Best Cafe Music, Soul & Jazz Pop!",http://bugs.kr/!yt0174
https://img.youtube.com/vi/_sTyHPFvGa8/maxresdefault.jpg,[Playlist] 뜨거운 태양 아래 상쾌한 바람이 스칠 때 | summer fresh pop,http://bugs.kr/!yt58201
https://img.youtube.com/vi/XaaZjDFEtKw/maxresdefault.jpg,[Playlist] 나의 작고 소중한 크리스마스 🎄ㅣ포근한 카페에 흐르는 잔잔한 캐롤 플레이리스트ㅣmy little precious christmas,http://bugs.kr/!yt0040
https://img.youtube.com/vi/EANFSpwSih4/maxresdefault.jpg,[Playlist] chill해지고 싶나 혹쉬 💕ㅣ공간을 가득 채우는 느낌있는 Chill VibesㅣBest Popular Songs Of 2020,http://bugs.kr/!yt0066
https://img.youtube.com/vi/NqmY7gveaUY/maxresdefault.jpg,"[Playlist] 힙한 하루를 위한, 상쾌하고 트렌디한 팝!ㅣFresh & Trendy pop for a nice day!",http://bugs.kr/!yt0106
https://img.youtube.com/vi/RvvIquQTyLg/maxresdefault.jpg,[Playlist] 여유롭게 햇살을 즐겨볼까? 🌷 | 산뜻한 봄에 듣기 좋은 BGM | spring pop songs 🌷,http://bugs.kr/!yt57278
https://img.youtube.com/vi/_3PESH-A2EA/maxresdefault.jpg,[Playlist] 귀에 팍팍 꽂히는 리듬이 땡길 때!ㅣWhen you're craving the rhythm that sticks right into your ears!,http://bugs.kr/!yt0107
https://img.youtube.com/vi/w32bs_ISBi0/maxresdefault.jpg,"[Playlist] 적당한 텐션, 기분전환 trendy pop #1ㅣModerate tension, Refreshment trendy pop #1",http://bugs.kr/!yt0124
https://img.youtube.com/vi/7ijwiqxvKVc/maxresdefault.jpg,[Playlist] 봄이 왔나 봄 🌷 | 봄에 듣기 좋은 산뜻한 팝송 | 4 hours spring mood pop,http://bugs.kr/!yt63800
https://img.youtube.com/vi/TekGMbYdDlE/maxresdefault.jpg,[Playlist] 고생했어요 오늘도ㅣ이불 속에서 듣는 나른한 SLOW POP 3ㅣhave a wonderful dream tonight 🌙,http://bugs.kr/!yt0207
https://img.youtube.com/vi/QJ_IByssFJw/maxresdefault.jpg,[Playlist] This is BLACKPINK 🖤💗 | 블랙핑크 노래 모음 | BLACKPINK essential;,http://bugs.kr/!essential_favorite0111
https://img.youtube.com/vi/QJ_IByssFJw/maxresdefault.jpg,[Playlist] This is BLACKPINK 🖤💗 | 블랙핑크 노래 모음 | BLACKPINK essential;,http://bugs.kr/!yt32592
https://img.youtube.com/vi/HjAviB1BKH4/maxresdefault.jpg,[Playlist] 기분 좋은 일만 가득할 거야 | 선곡이 좋은 카페에서 듣는 데일리 팝 | have a good day! winter daily pop,http://bugs.kr/!yt55696
https://img.youtube.com/vi/a_80o2lDYec/maxresdefault.jpg,[Playlist] 슬슬 연말 분위기를 내볼까요? | 퍼펙트 크리스마스 캐롤 플레이리스트🎄🎅🎁 | Best Christmas Pop Songs Of All Time,http://bugs.kr/!yt0025
https://img.youtube.com/vi/7KOq1ZUNfGc/maxresdefault.jpg,[Playlist] 당장 산책 나가고 싶어질걸? | 봄에 가볍게 듣기 좋은 산뜻한 팝송 | songs for sunny day 💕,http://bugs.kr/!yt53158
https://img.youtube.com/vi/28umgffmPCo/maxresdefault.jpg,[Playlist] 선선한 여름밤 🌴ㅣ감성 쩌는 친구의 홈카페 선곡표ㅣsummer night hipster cafe music 🌴,http://bugs.kr/!yt0240
https://img.youtube.com/vi/RynT6AdZmKk/maxresdefault.jpg,[Playlist] 걷다가 우연히 만난 에스프레소바☕ | 빈티지한 감성이 가득한 카페 BGM | vintage cafe music ☕,http://bugs.kr/!yt52499
https://img.youtube.com/vi/KjzbqzoEgrQ/maxresdefault.jpg,[Playlist] 재즈 캐롤과 함께 하는 연말 🎄 | 분위기있는 크리스마스 BGM | christmas jazz music 🎄,http://bugs.kr/!yt50555
https://img.youtube.com/vi/u1kHo3nnWP4/maxresdefault.jpg,[Playlist] 기분 좋은 산책이 땡길 때!ㅣ선선한 나들이 팝 플레이리스트ㅣBest Popular Songs Of 2020,http://bugs.kr/!yt0053
https://img.youtube.com/vi/8eemrb8qDEk/maxresdefault.jpg,[Playlist] 크리스마스에 눈이 올까요? ☃️ | 화이트 크리스마스를 기대하며 듣는 2022 캐롤 팝송 | Merry White Christmas ☃️,http://bugs.kr/!yt55570
https://img.youtube.com/vi/4D2N4vAwuLo/maxresdefault.jpg,[Playlist] 끈적이고 싶을 때ㅣ그루브-딥-섹시 플레이리스트ㅣBest Sexy Songs Of 2020,http://bugs.kr/!yt0061
https://img.youtube.com/vi/ewDiZFmYMUQ/maxresdefault.jpg,"[Playlist] 힙스터의 성지, 베를린 뒷골목 바이브 🗑️ㅣ듣자마자 빠져드는 감각적인 외힙ㅣberlin hipster music",http://bugs.kr/!yt0230
https://img.youtube.com/vi/b6PgeSnOLIQ/maxresdefault.jpg,"[Playlist] 쨍한 여름, 루프탑에서 낮맥하기 좋은 누디스코 🍺☀️ㅣsummer rooftop nu-disco party",http://bugs.kr/!yt0227
https://img.youtube.com/vi/xGcWEGdUd_I/maxresdefault.jpg,[Playlist] ✨ 유튜브 트렌딩 Top15 : 2020년 5월 ✨ㅣYouTube Trending Top 15 : May 2020,http://bugs.kr/!yt0109
https://img.youtube.com/vi/nAe8fEq7PiY/maxresdefault.jpg,[Playlist] 기분이 좋아지는 차분하고 상큼한 레모네이드 팝송ㅣ경쾌한 기분전환 플레이리스트ㅣrefresh lemonade pop !,http://bugs.kr/!yt0029
https://img.youtube.com/vi/g7c0W-8rNmw/maxresdefault.jpg,"[Playlist] 아니, 이런 노래는 어떻게 아는거야?? 너무 좋자나... | 노래 좀 듣는 애 플레이리스트😎ㅣShe has good taste in music😎",http://bugs.kr/!yt0191
https://img.youtube.com/vi/i8DTqsGtvWA/maxresdefault.jpg,[Playlist] 봄에 이 플리면 돼 💓 | 가볍게 듣기 좋은 데일리팝 | spring daily pop 💓,http://bugs.kr/!yt57140
https://img.youtube.com/vi/qQt8YpmXnRA/maxresdefault.jpg,[Playlist] 탄산 가득 시원한 여성 롸커들의 샤우팅! 🌹ㅣBest Popular Songs Of 2020,http://bugs.kr/!yt0086
https://img.youtube.com/vi/BBsOatw_qgo/maxresdefault.jpg,[Playlist] 당신이 찾던 여름여름한 드라이브 팝송! 세련되고 트렌디한 팝송 모음,http://bugs.kr/!yt0010
https://img.youtube.com/vi/-_7oWsIar9o/maxresdefault.jpg,[Playlist] 소복소복.. 눈이내려 행복한 그대에게ㅣ겨울이라 더 어울리는 것만 같은 POPㅣBest Popular Songs Of 2020,http://bugs.kr/!yt0073
https://img.youtube.com/vi/FJ3doi04J9k/maxresdefault.jpg,[Playlist] 피곤한 아침 눈이 번쩍 떠지는 팝 | 신나는 2010년대 팝송 모음 | 2010s chill morning songs,http://bugs.kr/!yt18474
https://img.youtube.com/vi/w9TfavGsQWI/maxresdefault.jpg,[Playlist] 저물어 가는 여름의 끝자락ㅣ붉게 물든 노을을 바라보며 Acousticㅣwhen summer is gone,http://bugs.kr/!yt0249
https://img.youtube.com/vi/ZTaB-1RkQ_w/maxresdefault.jpg,[Playlist] 나른하게 불어오는 봄바람에 🌻ㅣ따뜻한 봄날의 여유로움을 만끽하면서ㅣsunny spring days pop 🌻,http://bugs.kr/!yt52415
https://img.youtube.com/vi/fXzdqZA-KxY/maxresdefault.jpg,[Playlist] 짜릿한 기분을 선사하는 도파민 충전 팝 | 귀에 쏙쏙! 캐치한 멜로디의 트렌디 BGM | groove & trendy pop,http://bugs.kr/!yt56323
https://img.youtube.com/vi/pp2Tb0896-Y/maxresdefault.jpg,[Playlist] 노을 지는 무드 속 쏟아지는 그루브ㅣ방안을 채우는 나른한 melodyㅣsunset & chill groove,http://bugs.kr/!yt54468
https://img.youtube.com/vi/saUM795MY2Y/maxresdefault.jpg,[Playlist] 힙스터 취저! 해방촌 펍을 채워줄 느낌있는 팝송 모음,http://bugs.kr/!yt0001
https://img.youtube.com/vi/TDTB0lG6Hhs/maxresdefault.jpg,[Playlist] 느긋하게 즐기고 싶은 그루비 BGM 🍷 | Relaxing & groovy autumn vibes 🍷,http://bugs.kr/!yt0176
https://img.youtube.com/vi/AfoM72N_eRM/maxresdefault.jpg,"[Playlist] 저기봐,, 꽃들이 춤을 춰 🌻ㅣ마음을 가볍게 해줄 산뜻한 그루브 팝ㅣBest Popular Songs Of 2020",http://bugs.kr/!yt0059
https://img.youtube.com/vi/fOW7NfjsP54/maxresdefault.jpg,[Playlist] 갓 내린 커피를 닮은 따스한 음악 한 잔ㅣ추위를 녹여주는 따뜻한 카페 플레이리스트ㅣcafe pop songs with a hot americano,http://bugs.kr/!yt0039
https://img.youtube.com/vi/Sf5xHaa_vxc/maxresdefault.jpg,[Playlist] 선선해서 더 좋아ㅣ초가을 차 안에서 듣기 좋은 산뜻한 음악ㅣautumn drive pop 🚙,http://bugs.kr/!yt54337
https://img.youtube.com/vi/MLb0sY8ZJf4/maxresdefault.jpg,[Playlist] 어느 가을의 문턱에서 | sentimental autumn pop,http://bugs.kr/!yt51302
https://img.youtube.com/vi/U-anO4tvek8/maxresdefault.jpg,[Playlist] 뒹굴뒹굴~ 간만에 느끼는 지대루 된 주말!ㅣ여유로운 주말에 즐기는 스윗 팝 플레이리스트ㅣwhat are you up to this weekend?,http://bugs.kr/!yt0041
https://img.youtube.com/vi/Oz7MAt-5iKY/maxresdefault.jpg,"[Playlist] 작심삼일?ㅣ운동, 헬스, 댄스 다되는 새출발 일렉트로닉!",http://bugs.kr/!yt0051
https://img.youtube.com/vi/m7V8edoxOU8/maxresdefault.jpg,[Playlist] 불금토 달릴 준비완료! 묵직한 Trap SoundㅣHeavy Trap Sound,http://bugs.kr/!yt0154
https://img.youtube.com/vi/jdI4nJZTJl8/maxresdefault.jpg,[Playlist] 너에게 잠기고 싶은 밤ㅣ마음이 몽글몽글해지는 몽환적인 사운드 | late night with indie pop,http://bugs.kr/!yt50328
https://img.youtube.com/vi/hOJO6i3EWCo/maxresdefault.jpg,[Playlist] ✨ 유튜브 트렌딩 Top15 : 2020년 7월 ✨ㅣYouTube Trending Top 15 : July 2020,http://bugs.kr/!yt0143
https://img.youtube.com/vi/WZ8hkflNGMs/maxresdefault.jpg,[Playlist] 뭐? 지루한게 싫다구? OK 접수ㅣ밋밋한 하루를 블링블링하게 만들어 줄 플리ㅣbling bling can't stop moving 💎,http://bugs.kr/!yt0270
https://img.youtube.com/vi/NzYPY9neqUo/maxresdefault.jpg,[Playlist] 따뜻한 겨울의 조각들 | warm & cozy winter pop,http://bugs.kr/!yt37453
https://img.youtube.com/vi/dwOL4yMH3Vo/maxresdefault.jpg,[Playlist] 이어폰을 꽂은 채 둠칫 둠칫 ♪ㅣBest Popular Songs Of 2020,http://bugs.kr/!yt0067
https://img.youtube.com/vi/3-snSrBPfkQ/maxresdefault.jpg,[Playlist] 부드럽고 듣기좋은 인디팝 모음집ㅣsoft summer indie pop,http://bugs.kr/!yt0135
https://img.youtube.com/vi/ECfuKi5-Cfs/maxresdefault.jpg,"[Playlist] 와 이 노래가 벌써... 세월 무엇?ㅣ신년 특집, 2022 이쯤에서 다시 듣는 20주년 기념 명곡ㅣbest songs turning 20 in 2022 ⏳",http://bugs.kr/!yt50651
https://img.youtube.com/vi/GSZSOJdwSRE/maxresdefault.jpg,[Playlist] 뽀송뽀송 습기 제거 플리 ☁️ㅣ구름이 예쁜 여름날 듣는 데일리팝ㅣsuch a lovely summer day ☁️,http://bugs.kr/!yt0245
https://img.youtube.com/vi/Zf497FZfDp4/maxresdefault.jpg,[Playlist] 반팔 매장에서 들렸으면 하는 BGM #4 💛ㅣ T-shirt Shop Background Music 💛,http://bugs.kr/!yt0142
https://img.youtube.com/vi/hHQoTeJrky0/maxresdefault.jpg,[Playlist] 한여름 밤의 심야 드라이브 🌠ㅣ별빛 가득한 열대야 속 칠링 알앤비ㅣsummer night chillin drive 🌠,http://bugs.kr/!yt0247
https://img.youtube.com/vi/UHOLm6WHli0/maxresdefault.jpg,[Playlist] 가자! 멈추지 말고 한 세트 더! 💪ㅣDon't stop! One more set! 💪,http://bugs.kr/!yt0104
https://img.youtube.com/vi/K2NdoVeM4IQ/maxresdefault.jpg,[Playlist] 봄에 마시는 낮술은 이런 느낌 일거야ㅣDaytime Drinking in Spring,http://bugs.kr/!yt0100
https://img.youtube.com/vi/wzfHjswUEQI/maxresdefault.jpg,[Playlist] 오늘도 상큼하게 | good vibes music,http://bugs.kr/!yt59923
https://img.youtube.com/vi/L2PmfUGehEI/maxresdefault.jpg,[Playlist] 올해 홈파티 키워드는 신남 🎉 | 연말 파티를 준비하며 듣는 경쾌한 팝송 | house party BGM 🎉,http://bugs.kr/!yt50553
https://img.youtube.com/vi/ChM7Fw0QMUI/maxresdefault.jpg,[Playlist] 굿모닝~ 아침길 기분 UP! 하게 만드는 PopㅣHave a nice day! Trendy Pop 🌅,http://bugs.kr/!yt0179
https://img.youtube.com/vi/PrqwxkBB0DA/maxresdefault.jpg,[Playlist] 매일이 주말이라면 좋겠어 | 포근포근 이불 속에서 듣는 감성 팝 | warm & cozy pop songs,http://bugs.kr/!yt56803
https://img.youtube.com/vi/sWBK1e55JSM/maxresdefault.jpg,[Playlist] 그래도 오후의 햇살은 따뜻해 | 차가워진 몸을 녹이는 soft melody | lazy afternoon with cozy music,http://bugs.kr/!yt51778
https://img.youtube.com/vi/A_j_L8AdVLE/maxresdefault.jpg,[Playlist] 느낌있게 리듬 타고 싶을 때 | 기분이 좋아지는 리드미컬한 데일리 팝 | rhythm & groove daily pop,http://bugs.kr/!yt57368
https://img.youtube.com/vi/iuw7gVeChRU/maxresdefault.jpg,[Playlist] 겨울비가 유독 사랑스런 오늘ㅣ겨울밤 분위기의 팝 플레이리스트ㅣcold winter night with sentimental pop songs,http://bugs.kr/!yt0043
https://img.youtube.com/vi/6qZkg4cpezc/maxresdefault.jpg,[Playlist] 브이로그 인트로 편집중ㅣ주말 오후 따스한 햇볕 아래ㅣsaturday afternoon vlog lofi 🥣,http://bugs.kr/!yt0258
https://img.youtube.com/vi/WELA83r5YY8/maxresdefault.jpg,[Playlist] 이 기쁨을 여러분과 함께 나누고 싶습니다✨ㅣ구독자 100만 특집! 언제 들어도 신나는 올타임 베스트 POPㅣ30 best feel good songs✨,http://bugs.kr/!yt53710
https://img.youtube.com/vi/6V24AkoOEZE/maxresdefault.jpg,[Playlist] 형님 저 녀석 시원하게 해줄까요 | 무더운 여름을 녹이는 캐치한 멜로디🕶 | summer trendy pop mix,http://bugs.kr/!yt53287
https://img.youtube.com/vi/FmnHDSi5GNY/maxresdefault.jpg,[Playlist] 상쾌하고 산뜻한 하루💙 | 기분전환이 필요할 때 듣는 리드미컬 팝 | refresh pop for good day💙,http://bugs.kr/!yt50323
https://img.youtube.com/vi/VChOfqSzN1Y/maxresdefault.jpg,[Playlist] 평플 라쓰고! 💙💜💗❤️🖤 | 플레이브 노래 모음 | PLAVE essential;,http://bugs.kr/!yt65222
https://img.youtube.com/vi/cyF9W8ZjbR0/maxresdefault.jpg,[Playlist] 시원한 물속으로 풍덩 🥽ㅣ무더운 여름 감각적인 댄서블 노동요ㅣmake me feel so cool 🥽,http://bugs.kr/!yt0239
https://img.youtube.com/vi/nsyMt6gX-II/maxresdefault.jpg,[Playlist] 힙한 그 애가 걸을 때 나올 것 같은 노래ㅣHipster walking songs,http://bugs.kr/!yt0126
https://img.youtube.com/vi/rgsStSKIbPI/maxresdefault.jpg,[Playlist] 크리스마스 선물을 고르며 | 장난감 가게에서 흘러나오는 빈티지 캐롤 팝 | vintage christmas pop songs,http://bugs.kr/!yt50687
https://img.youtube.com/vi/VCGConkZjyU/maxresdefault.jpg,[Playlist] FLEX하고픈 이 기분!ㅣ리듬타기 좋은 시원시원한 그루브 팝ㅣBest Popular Songs Of 2020,http://bugs.kr/!yt0057
https://img.youtube.com/vi/wjf9iyEc_PE/maxresdefault.jpg,[Playlist] 하얀 우유에 에스프레소 한 방울ㅣEspresso in White Milk,http://bugs.kr/!yt0103
https://img.youtube.com/vi/_jaKSTijk4U/maxresdefault.jpg,[Playlist] 젤라또처럼 부드럽고 달콤한 🍦ㅣSoft and Sweet like Gelato 🍦,http://bugs.kr/!yt0096
https://img.youtube.com/vi/aN8Q4FAgCFw/maxresdefault.jpg,[Playlist] 산뜻하게 충전하는 하루! 활력 뿜뿜 BGM l Charge Up Your Day! Again!!,http://bugs.kr/!yt0173
https://img.youtube.com/vi/tc-7FaEZyhA/maxresdefault.jpg,"[Playlist] 별이 빛나는 밤, 메리 크리스마스ㅣ감성적인 인디 캐롤 플레이리스트ㅣBest Holiday Songs Of 2019",http://bugs.kr/!yt0047
https://img.youtube.com/vi/1DUynp9IfV8/maxresdefault.jpg,[Playlist] 공허한 밤을 채우는 세련된 팝송 🌑ㅣan empty night 🌑,http://bugs.kr/!yt0115
https://img.youtube.com/vi/8PSYVi7Djr0/maxresdefault.jpg,[Playlist] 혼자 보내는 조용한 연말ㅣ분위기에 취하는 chill & groovy 플레이리스트ㅣBest Popular Songs Of 2019,http://bugs.kr/!yt0050
https://img.youtube.com/vi/gE7VS41q0ZE/maxresdefault.jpg,[Playlist] 숨겨진 다크함을 깨우고 싶을 때 | 치명적이고 다크한 팝송 | dark & chic pop mix 👿,http://bugs.kr/!yt62955
https://img.youtube.com/vi/NruLToOBn58/maxresdefault.jpg,[Playlist] 다 잘 될 거야! 너의 봄🍀 | 싱그럽고 경쾌한 봄 노래 | spring mood songs,http://bugs.kr/!yt63931
https://img.youtube.com/vi/WwKOY8IOsNU/maxresdefault.jpg,[Playlist] 다 부질없다~ 그냥 노래나 들을래ㅣ세상만사 다 귀찮을 때 듣는 데일리팝!ㅣwhat I like best is just lazing around at home 🤪,http://bugs.kr/!yt0204
https://img.youtube.com/vi/U-1WmQ_TfIY/maxresdefault.jpg,"[Playlist] 엄마가 이불 밖으로 나가지 말래ㅣ추운 겨울, 침대에서 뒹굴거리며 듣기 좋은 R&Bㅣcold night bedroom r&b 🧶",http://bugs.kr/!yt0271
https://img.youtube.com/vi/3YKJzZKyICE/maxresdefault.jpg,[Playlist] 힙합을 하고 싶었어요 | hiphop & rap mix,http://bugs.kr/!yt54990
https://img.youtube.com/vi/WdBVXXNRRBc/maxresdefault.jpg,"[Playlist] 바쁜 일상 속 잠깐의 여유ㅣ나른한 햇살, 구름처럼 폭신한 Sweet Melodyㅣchill & relax afternoon pop",http://bugs.kr/!yt0235
https://img.youtube.com/vi/JDl6L8Kf7Jw/maxresdefault.jpg,[Playlist] 오늘 하늘 매우 맑음 ☀️ | 기분 좋아지는 cheerful 레트로 감성 popㅣhave a lovely sunny day ☀️,http://bugs.kr/!yt0228
https://img.youtube.com/vi/2-MzSaFSHGY/maxresdefault.jpg,[Playlist] 인트로부터 손에 쥐어지는 합격 목걸이..ㅣ꿀렁한 날 꿀렁 알앤비ㅣgroovy r&b for a foggy day,http://bugs.kr/!yt0255
https://img.youtube.com/vi/VVAqhZalFqI/maxresdefault.jpg,"[Playlist] 약속해요,, 이거 듣고 운전하지말기로.. 분위기에 취하니깐ㅣ그루브한 라운지 스타일 플레이리스트ㅣon this special night, with you",http://bugs.kr/!yt0024
https://img.youtube.com/vi/H4wGY5bZnF4/maxresdefault.jpg,[Playlist] 뚝섬유원지역 한강변을 지나며 Chill OutㅣChill out in Han River,http://bugs.kr/!yt0151
https://img.youtube.com/vi/tqf-JKxzKx0/maxresdefault.jpg,[Playlist] 독서의 계절 ☕ㅣ편안한 분위기의 힐링 재즈 연주ㅣrelaxing autumn jazz instrumental,http://bugs.kr/!yt0257
https://img.youtube.com/vi/tRnJqiS_InY/maxresdefault.jpg,[Playlist] 트렌디한 카페에서 흐르는 팝송ㅣfrom Instagrammable Cafe,http://bugs.kr/!yt0112
https://img.youtube.com/vi/jwPH69NoBP8/maxresdefault.jpg,[Playlist] 영혼까지 신나! 청량터지는 트로피컬 EDM 플레이리스트 🏝️,http://bugs.kr/!yt0009
https://img.youtube.com/vi/WJPRA3pXf6Y/maxresdefault.jpg,"[Playlist] 2023 상반기 이 정도면 잘했어😊ㅣ2023 상반기 결산 특집, 놓쳐선 안될 팝 50ㅣ50 best pop songs in first half of 2023😊",http://bugs.kr/!yt58152
https://img.youtube.com/vi/CR3qPPQZbm4/maxresdefault.jpg,"[Playlist] 이 순간, 이 공기, 이 속도 그대로 | 모든 순간이 영화가 되는 드라이브 플레이리스트 with 폭스바겐 | trendy drive pop",http://bugs.kr/!volkswagen
https://img.youtube.com/vi/yvvKr7QqdGs/maxresdefault.jpg,"[Playlist] 루프탑 아래, 어깨가 들썩이는 Funky House 🍋🍺ㅣFunky Rooftop House 🍋🍺",http://bugs.kr/!yt0145
https://img.youtube.com/vi/6yu6Qmy5cBE/maxresdefault.jpg,[Playlist] 석양의 나른함과 감성 닮은 Vintage MoodㅣLanguid Vintage Mood,http://bugs.kr/!yt0102
https://img.youtube.com/vi/L3m5ZAOfcp4/maxresdefault.jpg,"[Playlist] 분위기가 너무 좋은데, 이 노래 뭔가요? | 홈파티할 때 틀기 좋은 힙한 팝송 | hip & groove pop songs",http://bugs.kr/!yt54589
https://img.youtube.com/vi/r-hnJtdBes4/maxresdefault.jpg,"[Playlist] 시원한 공기, 후드집업과 이어폰만 있으면 돼🎧ㅣAll you need is a hoodie zip-up and earphones🎧",http://bugs.kr/!yt0184
https://img.youtube.com/vi/-g3kAMoCPks/maxresdefault.jpg,[Playlist] 재즈가 끌리면 가을 🍂 | 가을에 어울리는 영화 속 재즈 모음 | jazz music for autumn 🍂,http://bugs.kr/!ytbugscgv
https://img.youtube.com/vi/-g3kAMoCPks/maxresdefault.jpg,[Playlist] 재즈가 끌리면 가을 🍂 | 가을에 어울리는 영화 속 재즈 모음 | jazz music for autumn 🍂,http://bugs.kr/!yt24528
https://img.youtube.com/vi/eqlpmlo0O4g/maxresdefault.jpg,[Playlist] 알지? 인생은 롤러코스터야 🎢ㅣ힘찬 하루를 만들어 줄 신나는 팝락ㅣlife is a rollercoaster 🎢,http://bugs.kr/!yt0248
https://img.youtube.com/vi/3F46AKJq8ts/maxresdefault.jpg,[Playlist] 잔잔하게 들려오는 파도소리와 함께 🏖 | 휴양지에서 듣는 나른한 melody | chill out seaside music 🏖,http://bugs.kr/!yt48124
https://img.youtube.com/vi/jC5zi-rrnFg/maxresdefault.jpg,[Playlist] 누가 이 파티 주인공이야? 바로 나!ㅣ주인공 파티 등장씬에 넣고 싶은 BGMㅣBest Popular Songs Of 2020,http://bugs.kr/!yt0087
https://img.youtube.com/vi/kdWXlqYFrCM/maxresdefault.jpg,[Playlist] 칩거 생활이 재밌는 건 음악 때문이야!ㅣBest Popular Songs Of 2020,http://bugs.kr/!yt0092
https://img.youtube.com/vi/hnP1rGxhh30/maxresdefault.jpg,[Playlist] 너가 '자기야 미안해' 했잖아? 플리 이딴 거 안 나왔어 | 지나간 연애가 후회될 때 듣는 발라드 | korean sad ballad songs,http://bugs.kr/!yt62952
https://img.youtube.com/vi/koy-urF15Vo/maxresdefault.jpg,[Playlist] 샤워 후 말랑말랑한 기분으로 들어봐요ㅣ달달한 배쓰밤 같은 소프트 알앤비ㅣsweet bath time soft R&B 🧼,http://bugs.kr/!yt0236
https://img.youtube.com/vi/suWSpJXTpHs/maxresdefault.jpg,[Playlist] 가을 저녁 어스름이 깔릴 때 ㅣ가을밤 산책길에 듣기 좋은 멜로우 인디ㅣautumn night mellow k-indie 🌗,http://bugs.kr/!yt0259
https://img.youtube.com/vi/WE75xP-ix7s/maxresdefault.jpg,"[Playlist] 노을 진 저녁, 혼자만의 시간🌇 | 봄밤에 듣는 그루브한 BGM | Soulful & RnB",http://bugs.kr/!yt57196
https://img.youtube.com/vi/LvIgutXwTCI/maxresdefault.jpg,[Playlist] 어디로 튈지 모르는 나의 즐거운 퇴근길!ㅣ인트로부터 두둠칫 드라이브 팝송ㅣon my way home! can't stop the feeling,http://bugs.kr/!yt0033
https://img.youtube.com/vi/omN2gwYdYXk/maxresdefault.jpg,[Playlist] 날도 더운데 여름맛 재즈 원샷하세요🍹 | summer tropical jazz🍹,http://bugs.kr/!yt58256
https://img.youtube.com/vi/tLvJ7EEDErE/maxresdefault.jpg,[Playlist] 꿈과 마법의 나라로! 놀이공원에서 맞이하는 크리스마스 🎄ㅣtheme park christmas music ✨,http://bugs.kr/!yt0261
https://img.youtube.com/vi/UVXC7Og-Xr4/maxresdefault.jpg,[Playlist] 우리의 피크닉은 이런 느낌일 거야 | early summer picnic🌳,http://bugs.kr/!yt65449
https://img.youtube.com/vi/yci95KHiY-U/maxresdefault.jpg,[Playlist] 쉿! 여러분만 알려줄게요👀ㅣ나만 알고 싶은 감성 촉촉한 트렌디 POPㅣsentimental trendy pop that only I want to know,http://bugs.kr/!yt0208
https://img.youtube.com/vi/Mch0tvbuRFQ/maxresdefault.jpg,[Playlist] 답답한 일상에 해피 바이러스가 팡! 팡! ✨ㅣ반짝거리는 연말 번화가에서 들릴법한 Trendy PopㅣBest Retro/Electro Pop 2020 ✨,http://bugs.kr/!yt0197
https://img.youtube.com/vi/xbZSKi7-YFc/maxresdefault.jpg,"[Playlist] 오후 4시의 한적한 ZARA, H&M ㅣSPA 브랜드 감성의 세련된 일렉팝 플레이리스트 ㅣBest Electro Pop Of 2019",http://bugs.kr/!yt0048
https://img.youtube.com/vi/-31WdmGQzew/maxresdefault.jpg,[Playlist] 친구 차에서 흘러나오면 물어보게 되는 팝ㅣhey friend! what's this song?,http://bugs.kr/!yt0098
https://img.youtube.com/vi/fRmiK9Hxg0M/maxresdefault.jpg,[Playlist] 가을 바람 느껴지는 선선한 드라이브 팝송ㅣ추석 차안에서 듣는 경쾌한 팝송 추천,http://bugs.kr/!yt0015
https://img.youtube.com/vi/Tx6Z6a4nEz0/maxresdefault.jpg,"[Playlist] 이거 참 시티팝 듣기 딱 좋은 날씨네ㅣ습기 가득한 여름밤, 서울 도심을 빛내는 그루브 시티팝 ✨ㅣsummer night drive citypop/kpop",http://bugs.kr/!yt0238
https://img.youtube.com/vi/LfMun-Qq3I4/maxresdefault.jpg,[Playlist] 늦은 밤 사색에 잠기다 lofi sentimentalㅣContemplation at Late Night,http://bugs.kr/!yt0123
https://img.youtube.com/vi/VVc7X4lSO4w/maxresdefault.jpg,[Playlist] 사장님 지금 이 노래 제목 뭐예요??ㅣ선곡 맛집 카페에서 들리는 BGMㅣtrendy coffee shop playlist 🥨,http://bugs.kr/!yt0202
https://img.youtube.com/vi/8HSVLnYKD_E/maxresdefault.jpg,[Playlist] 오늘도 화이팅!ㅣ기분 좋게 시작할 수 있는 Fresh Vibe ☀️ㅣit's gonna be a great day ☀️,http://bugs.kr/!yt0209
https://img.youtube.com/vi/Px3gxOBpWRI/maxresdefault.jpg,[Playlist] 조용히 무너져 내린 날 | sad songs to cry to at 3am,http://bugs.kr/!yt56454
https://img.youtube.com/vi/ncOfAbfP-Vo/maxresdefault.jpg,[Playlist] ✨ 유튜브 트렌딩 Top15 : 2020년 8월 ✨ㅣYouTube Trending Top 15 : August 2020,http://bugs.kr/!yt0156
https://img.youtube.com/vi/RYoOL4xXgR0/maxresdefault.jpg,"[Playlist] 화창한 봄날, 여유로운 일상의 BGM 🌻ㅣ산뜻한 사클 감성 플레이리스트ㅣsongs to while away the afternoon in spring 🌻",http://bugs.kr/!yt0220
https://img.youtube.com/vi/iycufhdkUuw/maxresdefault.jpg,[Playlist] 여기 세련미 넘치고 신나요ㅣ금요일 저녁 힙한 루프탑 라운지로 순.간.이.동.ㅣTGIF! classy rooftop bars music 🍸,http://bugs.kr/!0219
https://img.youtube.com/vi/yrU3ac44mWQ/maxresdefault.jpg,[Playlist] 따뜻한 크리스마스 냄새가 나죠? ☕🎄 | 분위기 좋은 연말의 재즈 카페 플레이리스트 | Best Christmas Jazz Cafe Music,http://bugs.kr/!yt0189
https://img.youtube.com/vi/4rCMoRQi2Ms/maxresdefault.jpg,[Playlist] 여름날 기분 전환이 필요할 때 이런 음악 vol. 3ㅣSummer refresh vol. 3,http://bugs.kr/!yt0160
https://img.youtube.com/vi/WsjH2ICchhs/maxresdefault.jpg,[Playlist] 가볍게! 자극적이지 않은 달짝지근 데일리 팝!ㅣBest Popular Songs Of 2020,http://bugs.kr/!yt0094
https://img.youtube.com/vi/-_0Va73xDTM/maxresdefault.jpg,[Playlist] 핫플에는 힙한 음악이 있지ㅣ세상 힙한 편집숍에 흐르는 쿨 바이브ㅣit's lit! trendy store music 🧃,http://bugs.kr/!yt0250
https://img.youtube.com/vi/Brx9v70_n2A/maxresdefault.jpg,[Playlist] 아침 공기 상쾌하게 ☀️ㅣ몸치도 그루브 타게 만드는 Cool Vibeㅣgood morning summer ☀️,http://bugs.kr/!yt0244
https://img.youtube.com/vi/bmyeHpAcsXY/maxresdefault.jpg,[Playlist] 여름비에 흘려보내고 싶은 것들ㅣfor a rainy summer day 🌧️🌂,http://bugs.kr/!yt0241
https://img.youtube.com/vi/gB7viEtrph0/maxresdefault.jpg,[Playlist] iPhone 11 ProㅣBest Popular Songs Of 2020,http://bugs.kr/!yt0095
https://img.youtube.com/vi/FnMW3SMdX_Y/maxresdefault.jpg,[Playlist] 기분좋은 한 주의 시작!ㅣ산뜻하고 리듬감 좋은 트렌디 팝 플레이리스트ㅣBest Popular Songs Of 2019,http://bugs.kr/!yt0046
https://img.youtube.com/vi/LiXcXDajCH4/maxresdefault.jpg,[Playlist] 선선한 퇴근길에 함께 하고픈 일렉사운드ㅣchillin' in the car on my way home 🚓,http://bugs.kr/!yt0256
https://img.youtube.com/vi/pVg-e34qTbQ/maxresdefault.jpg,[Playlist] 성냥불 같은 시크함ㅣ도시의 밤이 담긴 스타일리시 골목길 펍 플레이리스트ㅣchic pop songs for a city night,http://bugs.kr/!yt0036
https://img.youtube.com/vi/o3QbULP6x-Y/maxresdefault.jpg,[Playlist] 마지막 여름밤을 붙잡아 | late summer night pop,http://bugs.kr/!yt59107
https://img.youtube.com/vi/yni45ID2qCc/maxresdefault.jpg,[Playlist] 힙하게 시작하는 하루! 상쾌하고 감각적인 팝송 모음ㅣ트렌디하고 신나는 팝송 모음ㅣsongs to make my day,http://bugs.kr/!yt0018
https://img.youtube.com/vi/fMPHJtzuHqk/maxresdefault.jpg,[Playlist] 벨벳처럼 부드럽고 로맨틱하게ㅣ분위기 가득한 겨울밤을 위한 플레이리스트 🍷ㅣromantic mood in winter night 🍷,http://bugs.kr/!yt0199
https://img.youtube.com/vi/bw9wblTJWh8/maxresdefault.jpg,"[Playlist] 일상에 활력을 안겨줄 경쾌한 재즈연주곡ㅣSpring Jazz For Work, Study",http://bugs.kr/!yt0089
https://img.youtube.com/vi/XaII1HxS_NQ/maxresdefault.jpg,[Playlist] 끝이 좋으면 다 좋은 거야 🍀ㅣ안녕 2023! 기분전환 데일리 팝 with 캐스퍼ㅣdaily drive pop,http://bugs.kr/!CASPER
https://img.youtube.com/vi/4b8-U4b-JKU/maxresdefault.jpg,[Playlist] 여기 대표 메뉴가 플레이리스트래ㅣ압로 핫플에서 들려오는 트렌디 팝 🍒ㅣhipster coffee shop playlist,http://bugs.kr/!yt0260
https://img.youtube.com/vi/_nsARU42xtA/maxresdefault.jpg,[Playlist] 우리의 청춘은 시원한 바람을 타고ㅣ인터라켄의 광활한 자연 속으로ㅣclose your eyes and turn your face into the wind 🌲,http://bugs.kr/!yt0232
https://img.youtube.com/vi/o_PdD6-OhAI/maxresdefault.jpg,[Playlist] 넘어지면 어때? 다시 일어나면 되지!ㅣ당신의 열정을 위한 가슴 벅찬 플레이리스트ㅣcheers to new beginnings 🐯,http://bugs.kr/!yt0267
https://img.youtube.com/vi/mbjT6LJ-ZnI/maxresdefault.jpg,[Playlist] 노을지는 카페 감성! 차분하고 감각적인 로파이ㅣLofi & Jazzhop,http://bugs.kr/!yt0012
https://img.youtube.com/vi/lZi3VXALQzM/maxresdefault.jpg,[Playlist] 독기 충전 완료. | 다크 섹시의 미학을 담은 리드미컬 팝송ㅣpop songs to boost your confidence,http://bugs.kr/!yt55586
https://img.youtube.com/vi/l8gUNzdNOaw/maxresdefault.jpg,[Playlist] 나홀로 별 헤는 밤ㅣ어디선가 다정하게 들려오는 감성팝ㅣsentimental midnight pop ⭐,http://bugs.kr/!yt51585
https://img.youtube.com/vi/jBufpcb95p8/maxresdefault.jpg,[Playlist] 복잡한 머릿속을 정리해볼까? | 아무 생각 없이 쉬면서 듣는 팝송 | weekend vibes pop songs,http://bugs.kr/!yt57461
https://img.youtube.com/vi/6-LSMpXbGv0/maxresdefault.jpg,[Playlist] 긍정 에너지를 채워줄 Refresh Groove!ㅣ새로운 시작에 어울리는 흥겨운 알앤비 팝ㅣhello! refresh daily pop,http://bugs.kr/!yt0063
https://img.youtube.com/vi/7jkK51VMj9Q/maxresdefault.jpg,"[Playlist] 킁킁, 어디서 꽃 냄새 안나요? 🌸ㅣ벚꽃이 만개한 봄! 핑크빛 팝 플레이리스트ㅣcherry blossom spring pop 🌸",http://bugs.kr/!yt0223
https://img.youtube.com/vi/Tu8U2w7fLlU/maxresdefault.jpg,"[Playlist] 너무 좋은데... 괜찮으시겠어요?ㅣ지루한 일상, 가볍게 듣기 좋은 데일리 팝ㅣdamn! this playlist is so good 💙",http://bugs.kr/!yt0229
https://img.youtube.com/vi/hBnVdGkoySM/maxresdefault.jpg,[Playlist] 마스크 벗겨질 뻔! 이태원 라운지 House Mix 🔥ㅣBest Popular Songs Of 2020,http://bugs.kr/!yt0083
https://img.youtube.com/vi/MDr8fmAkgRE/maxresdefault.jpg,[Playlist] 꿀꿀한 하루를 꿀렁이는 하루로!ㅣ힙스터들의 느낌있는 그루브 힙합 플레이리스트ㅣbest hipster music,http://bugs.kr/!yt0038
https://img.youtube.com/vi/SjOl_Bl1l20/maxresdefault.jpg,[Playlist] 내 음악 취향은 엄마 반 아빠 반 | oldies but goodies 60s and 70s,http://bugs.kr/!yt56402
https://img.youtube.com/vi/o5lbl2nl3IA/maxresdefault.jpg,"[Playlist] 우리 사랑이 영화라면 주제가가 되겠지ㅣlike the rain, i have fallen for you ☂️",http://bugs.kr/!yt0226
https://img.youtube.com/vi/WP9fMyb7WhU/maxresdefault.jpg,[Playlist] 달짝지근 기분 좋아지는 Daily Pop 4ㅣsongs for a sweet and pleasant day,http://bugs.kr/!yt0114
https://img.youtube.com/vi/yRxb3_cqxV0/maxresdefault.jpg,"[Playlist] 아아, 여기는 잠수교 🌜 | 잠들기 싫은 널 위한 힙한 사운드ㅣTrendy hiphop for night owls 🌜",http://bugs.kr/!yt0180
https://img.youtube.com/vi/rUht712t7OI/maxresdefault.jpg,[Playlist] 구름처럼 폭신한 Sweet MelodyㅣBest Popular Songs Of 2020,http://bugs.kr/!yt0091
